sample_id,image,text,label
13773,13773.jpg,13773.txt,negative
22303,22303.jpg,22303.txt,positive
12393,12393.jpg,12393.txt,positive
7408,7408.jpg,7408.txt,negative
4778,4778.jpg,4778.txt,negative
10102,10102.jpg,10102.txt,negative
22589,22589.jpg,22589.txt,positive
7329,7329.jpg,7329.txt,positive
3559,3559.jpg,3559.txt,negative
10145,10145.jpg,10145.txt,negative
14325,14325.jpg,14325.txt,negative
8532,8532.jpg,8532.txt,negative
3426,3426.jpg,3426.txt,negative
7884,7884.jpg,7884.txt,negative
21323,21323.jpg,21323.txt,positive
6438,6438.jpg,6438.txt,negative
7503,7503.jpg,7503.txt,positive
10321,10321.jpg,10321.txt,positive
4768,4768.jpg,4768.txt,positive
9689,9689.jpg,9689.txt,negative
11185,11185.jpg,11185.txt,positive
17429,17429.jpg,17429.txt,negative
15003,15003.jpg,15003.txt,negative
10449,10449.jpg,10449.txt,positive
18537,18537.jpg,18537.txt,negative
20303,20303.jpg,20303.txt,positive
8790,8790.jpg,8790.txt,negative
22450,22450.jpg,22450.txt,negative
9740,9740.jpg,9740.txt,negative
7289,7289.jpg,7289.txt,negative
7974,7974.jpg,7974.txt,positive
8234,8234.jpg,8234.txt,negative
18567,18567.jpg,18567.txt,positive
20354,20354.jpg,20354.txt,positive
20832,20832.jpg,20832.txt,negative
4749,4749.jpg,4749.txt,positive
7265,7265.jpg,7265.txt,positive
7664,7664.jpg,7664.txt,positive
15813,15813.jpg,15813.txt,positive
22164,22164.jpg,22164.txt,negative
2937,2937.jpg,2937.txt,positive
7787,7787.jpg,7787.txt,positive
13351,13351.jpg,13351.txt,positive
13334,13334.jpg,13334.txt,positive
8986,8986.jpg,8986.txt,negative
14510,14510.jpg,14510.txt,negative
15843,15843.jpg,15843.txt,positive
13825,13825.jpg,13825.txt,negative
8676,8676.jpg,8676.txt,negative
17473,17473.jpg,17473.txt,positive
22718,22718.jpg,22718.txt,negative
9291,9291.jpg,9291.txt,negative
12863,12863.jpg,12863.txt,negative
18904,18904.jpg,18904.txt,negative
15226,15226.jpg,15226.txt,negative
9502,9502.jpg,9502.txt,negative
14632,14632.jpg,14632.txt,negative
4909,4909.jpg,4909.txt,positive
15264,15264.jpg,15264.txt,negative
10869,10869.jpg,10869.txt,positive
4141,4141.jpg,4141.txt,positive
7398,7398.jpg,7398.txt,negative
13135,13135.jpg,13135.txt,positive
11172,11172.jpg,11172.txt,negative
8459,8459.jpg,8459.txt,positive
9998,9998.jpg,9998.txt,negative
19002,19002.jpg,19002.txt,positive
7403,7403.jpg,7403.txt,negative
7643,7643.jpg,7643.txt,positive
19136,19136.jpg,19136.txt,positive
21331,21331.jpg,21331.txt,negative
22076,22076.jpg,22076.txt,negative
9468,9468.jpg,9468.txt,negative
13190,13190.jpg,13190.txt,negative
4070,4070.jpg,4070.txt,negative
20443,20443.jpg,20443.txt,positive
19478,19478.jpg,19478.txt,negative
10083,10083.jpg,10083.txt,negative
8505,8505.jpg,8505.txt,positive
18325,18325.jpg,18325.txt,positive
5969,5969.jpg,5969.txt,negative
21105,21105.jpg,21105.txt,negative
22791,22791.jpg,22791.txt,negative
6274,6274.jpg,6274.txt,positive
10443,10443.jpg,10443.txt,positive
9363,9363.jpg,9363.txt,negative
20613,20613.jpg,20613.txt,positive
12626,12626.jpg,12626.txt,negative
8329,8329.jpg,8329.txt,positive
20431,20431.jpg,20431.txt,negative
16542,16542.jpg,16542.txt,positive
4848,4848.jpg,4848.txt,positive
11177,11177.jpg,11177.txt,negative
20918,20918.jpg,20918.txt,positive
10753,10753.jpg,10753.txt,positive
5083,5083.jpg,5083.txt,positive
4964,4964.jpg,4964.txt,positive
19106,19106.jpg,19106.txt,negative
7788,7788.jpg,7788.txt,negative
2683,2683.jpg,2683.txt,negative
13785,13785.jpg,13785.txt,positive
19166,19166.jpg,19166.txt,positive
15880,15880.jpg,15880.txt,positive
11127,11127.jpg,11127.txt,positive
3025,3025.jpg,3025.txt,negative
16802,16802.jpg,16802.txt,negative
3391,3391.jpg,3391.txt,negative
19777,19777.jpg,19777.txt,negative
6432,6432.jpg,6432.txt,negative
16883,16883.jpg,16883.txt,positive
9901,9901.jpg,9901.txt,negative
12096,12096.jpg,12096.txt,negative
2682,2682.jpg,2682.txt,negative
2508,2508.jpg,2508.txt,negative
19511,19511.jpg,19511.txt,negative
21829,21829.jpg,21829.txt,negative
8441,8441.jpg,8441.txt,positive
9079,9079.jpg,9079.txt,negative
2871,2871.jpg,2871.txt,negative
22869,22869.jpg,22869.txt,negative
19100,19100.jpg,19100.txt,positive
14500,14500.jpg,14500.txt,positive
13061,13061.jpg,13061.txt,negative
18656,18656.jpg,18656.txt,negative
15814,15814.jpg,15814.txt,positive
10920,10920.jpg,10920.txt,positive
20948,20948.jpg,20948.txt,positive
17328,17328.jpg,17328.txt,negative
9922,9922.jpg,9922.txt,negative
22409,22409.jpg,22409.txt,negative
14047,14047.jpg,14047.txt,negative
6571,6571.jpg,6571.txt,positive
20729,20729.jpg,20729.txt,positive
6140,6140.jpg,6140.txt,positive
21236,21236.jpg,21236.txt,negative
19450,19450.jpg,19450.txt,negative
2936,2936.jpg,2936.txt,negative
9023,9023.jpg,9023.txt,negative
3101,3101.jpg,3101.txt,negative
7445,7445.jpg,7445.txt,positive
9324,9324.jpg,9324.txt,negative
16118,16118.jpg,16118.txt,positive
3485,3485.jpg,3485.txt,negative
10054,10054.jpg,10054.txt,negative
10759,10759.jpg,10759.txt,positive
6311,6311.jpg,6311.txt,positive
3460,3460.jpg,3460.txt,negative
7679,7679.jpg,7679.txt,positive
22734,22734.jpg,22734.txt,positive
20903,20903.jpg,20903.txt,positive
8631,8631.jpg,8631.txt,negative
5933,5933.jpg,5933.txt,negative
8731,8731.jpg,8731.txt,positive
5696,5696.jpg,5696.txt,positive
10079,10079.jpg,10079.txt,negative
11522,11522.jpg,11522.txt,positive
4309,4309.jpg,4309.txt,positive
6248,6248.jpg,6248.txt,positive
19961,19961.jpg,19961.txt,negative
19011,19011.jpg,19011.txt,negative
13238,13238.jpg,13238.txt,negative
3875,3875.jpg,3875.txt,positive
15466,15466.jpg,15466.txt,positive
9360,9360.jpg,9360.txt,positive
8369,8369.jpg,8369.txt,positive
18905,18905.jpg,18905.txt,positive
8347,8347.jpg,8347.txt,positive
6678,6678.jpg,6678.txt,positive
5015,5015.jpg,5015.txt,positive
12309,12309.jpg,12309.txt,positive
11220,11220.jpg,11220.txt,negative
10936,10936.jpg,10936.txt,negative
8219,8219.jpg,8219.txt,positive
18599,18599.jpg,18599.txt,negative
3488,3488.jpg,3488.txt,negative
7863,7863.jpg,7863.txt,positive
17618,17618.jpg,17618.txt,positive
17246,17246.jpg,17246.txt,positive
14735,14735.jpg,14735.txt,positive
8860,8860.jpg,8860.txt,negative
9903,9903.jpg,9903.txt,negative
5087,5087.jpg,5087.txt,positive
12385,12385.jpg,12385.txt,negative
21969,21969.jpg,21969.txt,negative
21937,21937.jpg,21937.txt,negative
15322,15322.jpg,15322.txt,negative
15310,15310.jpg,15310.txt,positive
19852,19852.jpg,19852.txt,positive
4489,4489.jpg,4489.txt,positive
11894,11894.jpg,11894.txt,negative
15366,15366.jpg,15366.txt,positive
6521,6521.jpg,6521.txt,positive
8778,8778.jpg,8778.txt,positive
17546,17546.jpg,17546.txt,negative
14561,14561.jpg,14561.txt,positive
21172,21172.jpg,21172.txt,positive
11080,11080.jpg,11080.txt,negative
3231,3231.jpg,3231.txt,positive
15616,15616.jpg,15616.txt,positive
18608,18608.jpg,18608.txt,negative
9674,9674.jpg,9674.txt,negative
9518,9518.jpg,9518.txt,positive
13651,13651.jpg,13651.txt,positive
22630,22630.jpg,22630.txt,negative
3539,3539.jpg,3539.txt,negative
15047,15047.jpg,15047.txt,positive
12155,12155.jpg,12155.txt,positive
6898,6898.jpg,6898.txt,negative
19633,19633.jpg,19633.txt,positive
2590,2590.jpg,2590.txt,negative
12363,12363.jpg,12363.txt,negative
15181,15181.jpg,15181.txt,positive
22683,22683.jpg,22683.txt,positive
15298,15298.jpg,15298.txt,negative
22271,22271.jpg,22271.txt,positive
21414,21414.jpg,21414.txt,positive
22159,22159.jpg,22159.txt,negative
12420,12420.jpg,12420.txt,negative
12598,12598.jpg,12598.txt,negative
20642,20642.jpg,20642.txt,positive
3711,3711.jpg,3711.txt,negative
12525,12525.jpg,12525.txt,negative
17871,17871.jpg,17871.txt,positive
9759,9759.jpg,9759.txt,negative
11194,11194.jpg,11194.txt,negative
9679,9679.jpg,9679.txt,positive
22494,22494.jpg,22494.txt,negative
16914,16914.jpg,16914.txt,positive
18723,18723.jpg,18723.txt,positive
5422,5422.jpg,5422.txt,positive
3660,3660.jpg,3660.txt,positive
8925,8925.jpg,8925.txt,negative
21452,21452.jpg,21452.txt,negative
15197,15197.jpg,15197.txt,positive
9217,9217.jpg,9217.txt,negative
10106,10106.jpg,10106.txt,negative
8782,8782.jpg,8782.txt,negative
12879,12879.jpg,12879.txt,negative
6980,6980.jpg,6980.txt,positive
9668,9668.jpg,9668.txt,negative
14346,14346.jpg,14346.txt,positive
8888,8888.jpg,8888.txt,negative
9818,9818.jpg,9818.txt,negative
21437,21437.jpg,21437.txt,negative
18019,18019.jpg,18019.txt,positive
4805,4805.jpg,4805.txt,positive
22776,22776.jpg,22776.txt,positive
18744,18744.jpg,18744.txt,negative
3988,3988.jpg,3988.txt,negative
12733,12733.jpg,12733.txt,negative
19032,19032.jpg,19032.txt,positive
8188,8188.jpg,8188.txt,positive
10673,10673.jpg,10673.txt,negative
20706,20706.jpg,20706.txt,negative
17887,17887.jpg,17887.txt,negative
20100,20100.jpg,20100.txt,positive
16197,16197.jpg,16197.txt,positive
5045,5045.jpg,5045.txt,positive
17447,17447.jpg,17447.txt,positive
14351,14351.jpg,14351.txt,positive
12370,12370.jpg,12370.txt,negative
12740,12740.jpg,12740.txt,positive
19165,19165.jpg,19165.txt,negative
8628,8628.jpg,8628.txt,negative
5477,5477.jpg,5477.txt,positive
9638,9638.jpg,9638.txt,negative
21572,21572.jpg,21572.txt,positive
21945,21945.jpg,21945.txt,negative
5885,5885.jpg,5885.txt,positive
7565,7565.jpg,7565.txt,negative
16501,16501.jpg,16501.txt,negative
7162,7162.jpg,7162.txt,positive
9866,9866.jpg,9866.txt,negative
3090,3090.jpg,3090.txt,negative
3972,3972.jpg,3972.txt,positive
8793,8793.jpg,8793.txt,negative
22232,22232.jpg,22232.txt,negative
18580,18580.jpg,18580.txt,positive
10357,10357.jpg,10357.txt,negative
14849,14849.jpg,14849.txt,positive
16739,16739.jpg,16739.txt,positive
11091,11091.jpg,11091.txt,positive
18838,18838.jpg,18838.txt,negative
14784,14784.jpg,14784.txt,positive
2557,2557.jpg,2557.txt,negative
15861,15861.jpg,15861.txt,positive
17137,17137.jpg,17137.txt,positive
8596,8596.jpg,8596.txt,negative
8527,8527.jpg,8527.txt,negative
21625,21625.jpg,21625.txt,positive
8247,8247.jpg,8247.txt,positive
11997,11997.jpg,11997.txt,positive
7661,7661.jpg,7661.txt,positive
8195,8195.jpg,8195.txt,positive
20334,20334.jpg,20334.txt,positive
17588,17588.jpg,17588.txt,positive
4356,4356.jpg,4356.txt,positive
20021,20021.jpg,20021.txt,positive
8680,8680.jpg,8680.txt,negative
21531,21531.jpg,21531.txt,negative
16579,16579.jpg,16579.txt,negative
20094,20094.jpg,20094.txt,positive
3606,3606.jpg,3606.txt,negative
17254,17254.jpg,17254.txt,negative
20881,20881.jpg,20881.txt,positive
17732,17732.jpg,17732.txt,positive
12063,12063.jpg,12063.txt,negative
9193,9193.jpg,9193.txt,negative
18684,18684.jpg,18684.txt,negative
6767,6767.jpg,6767.txt,positive
9449,9449.jpg,9449.txt,negative
17933,17933.jpg,17933.txt,positive
10135,10135.jpg,10135.txt,negative
8566,8566.jpg,8566.txt,negative
6863,6863.jpg,6863.txt,negative
20523,20523.jpg,20523.txt,positive
22617,22617.jpg,22617.txt,positive
21475,21475.jpg,21475.txt,negative
9749,9749.jpg,9749.txt,negative
3192,3192.jpg,3192.txt,negative
20846,20846.jpg,20846.txt,negative
10613,10613.jpg,10613.txt,positive
4099,4099.jpg,4099.txt,positive
4613,4613.jpg,4613.txt,positive
13735,13735.jpg,13735.txt,positive
6405,6405.jpg,6405.txt,negative
11835,11835.jpg,11835.txt,positive
2939,2939.jpg,2939.txt,positive
22829,22829.jpg,22829.txt,negative
20865,20865.jpg,20865.txt,negative
12339,12339.jpg,12339.txt,negative
21541,21541.jpg,21541.txt,negative
21454,21454.jpg,21454.txt,negative
21763,21763.jpg,21763.txt,positive
22828,22828.jpg,22828.txt,negative
16316,16316.jpg,16316.txt,positive
6883,6883.jpg,6883.txt,positive
19669,19669.jpg,19669.txt,negative
2987,2987.jpg,2987.txt,negative
4932,4932.jpg,4932.txt,positive
19263,19263.jpg,19263.txt,positive
3537,3537.jpg,3537.txt,negative
2839,2839.jpg,2839.txt,negative
5870,5870.jpg,5870.txt,negative
10038,10038.jpg,10038.txt,negative
22653,22653.jpg,22653.txt,positive
3412,3412.jpg,3412.txt,positive
18316,18316.jpg,18316.txt,positive
6722,6722.jpg,6722.txt,positive
22671,22671.jpg,22671.txt,positive
13743,13743.jpg,13743.txt,positive
16433,16433.jpg,16433.txt,positive
18235,18235.jpg,18235.txt,negative
13376,13376.jpg,13376.txt,negative
7226,7226.jpg,7226.txt,negative
17850,17850.jpg,17850.txt,positive
19808,19808.jpg,19808.txt,positive
12868,12868.jpg,12868.txt,negative
3786,3786.jpg,3786.txt,positive
20450,20450.jpg,20450.txt,negative
19107,19107.jpg,19107.txt,positive
13696,13696.jpg,13696.txt,positive
5318,5318.jpg,5318.txt,negative
11770,11770.jpg,11770.txt,negative
9667,9667.jpg,9667.txt,negative
20548,20548.jpg,20548.txt,positive
6039,6039.jpg,6039.txt,positive
20878,20878.jpg,20878.txt,negative
8821,8821.jpg,8821.txt,negative
16846,16846.jpg,16846.txt,positive
17851,17851.jpg,17851.txt,positive
9189,9189.jpg,9189.txt,negative
9340,9340.jpg,9340.txt,negative
15726,15726.jpg,15726.txt,positive
15188,15188.jpg,15188.txt,positive
3842,3842.jpg,3842.txt,positive
18432,18432.jpg,18432.txt,negative
14994,14994.jpg,14994.txt,negative
18828,18828.jpg,18828.txt,positive
7210,7210.jpg,7210.txt,positive
10001,10001.jpg,10001.txt,negative
8723,8723.jpg,8723.txt,negative
5562,5562.jpg,5562.txt,positive
13253,13253.jpg,13253.txt,negative
3088,3088.jpg,3088.txt,negative
8980,8980.jpg,8980.txt,negative
10839,10839.jpg,10839.txt,positive
16900,16900.jpg,16900.txt,positive
15434,15434.jpg,15434.txt,negative
11407,11407.jpg,11407.txt,negative
16614,16614.jpg,16614.txt,negative
9035,9035.jpg,9035.txt,positive
18457,18457.jpg,18457.txt,positive
17747,17747.jpg,17747.txt,positive
3455,3455.jpg,3455.txt,negative
10828,10828.jpg,10828.txt,positive
8739,8739.jpg,8739.txt,negative
7429,7429.jpg,7429.txt,positive
8466,8466.jpg,8466.txt,negative
6153,6153.jpg,6153.txt,positive
16931,16931.jpg,16931.txt,positive
18868,18868.jpg,18868.txt,positive
3026,3026.jpg,3026.txt,negative
3134,3134.jpg,3134.txt,negative
20267,20267.jpg,20267.txt,positive
18491,18491.jpg,18491.txt,negative
6656,6656.jpg,6656.txt,negative
12224,12224.jpg,12224.txt,positive
19425,19425.jpg,19425.txt,positive
10868,10868.jpg,10868.txt,positive
20447,20447.jpg,20447.txt,negative
15004,15004.jpg,15004.txt,positive
6010,6010.jpg,6010.txt,positive
15637,15637.jpg,15637.txt,positive
10111,10111.jpg,10111.txt,negative
19762,19762.jpg,19762.txt,positive
21896,21896.jpg,21896.txt,negative
19651,19651.jpg,19651.txt,positive
17012,17012.jpg,17012.txt,positive
2802,2802.jpg,2802.txt,negative
13637,13637.jpg,13637.txt,negative
21749,21749.jpg,21749.txt,negative
6808,6808.jpg,6808.txt,positive
22611,22611.jpg,22611.txt,negative
13418,13418.jpg,13418.txt,positive
12650,12650.jpg,12650.txt,negative
19407,19407.jpg,19407.txt,positive
10775,10775.jpg,10775.txt,positive
10929,10929.jpg,10929.txt,positive
13405,13405.jpg,13405.txt,positive
13467,13467.jpg,13467.txt,positive
13990,13990.jpg,13990.txt,positive
6943,6943.jpg,6943.txt,positive
22190,22190.jpg,22190.txt,negative
7736,7736.jpg,7736.txt,positive
11855,11855.jpg,11855.txt,negative
17074,17074.jpg,17074.txt,positive
3271,3271.jpg,3271.txt,negative
6469,6469.jpg,6469.txt,positive
7212,7212.jpg,7212.txt,negative
19326,19326.jpg,19326.txt,negative
11371,11371.jpg,11371.txt,positive
11116,11116.jpg,11116.txt,positive
2781,2781.jpg,2781.txt,negative
16326,16326.jpg,16326.txt,positive
20180,20180.jpg,20180.txt,positive
22316,22316.jpg,22316.txt,negative
8492,8492.jpg,8492.txt,positive
13677,13677.jpg,13677.txt,positive
9913,9913.jpg,9913.txt,negative
2694,2694.jpg,2694.txt,negative
20926,20926.jpg,20926.txt,negative
6512,6512.jpg,6512.txt,positive
21183,21183.jpg,21183.txt,negative
18639,18639.jpg,18639.txt,positive
18280,18280.jpg,18280.txt,positive
22007,22007.jpg,22007.txt,positive
11054,11054.jpg,11054.txt,positive
9910,9910.jpg,9910.txt,positive
8831,8831.jpg,8831.txt,negative
14503,14503.jpg,14503.txt,positive
22103,22103.jpg,22103.txt,negative
16199,16199.jpg,16199.txt,positive
2535,2535.jpg,2535.txt,negative
11798,11798.jpg,11798.txt,positive
9914,9914.jpg,9914.txt,negative
6409,6409.jpg,6409.txt,positive
20442,20442.jpg,20442.txt,positive
22048,22048.jpg,22048.txt,negative
12102,12102.jpg,12102.txt,positive
12608,12608.jpg,12608.txt,negative
17453,17453.jpg,17453.txt,negative
8448,8448.jpg,8448.txt,positive
8205,8205.jpg,8205.txt,positive
6360,6360.jpg,6360.txt,negative
2923,2923.jpg,2923.txt,negative
22077,22077.jpg,22077.txt,negative
8464,8464.jpg,8464.txt,positive
8058,8058.jpg,8058.txt,positive
15376,15376.jpg,15376.txt,positive
11085,11085.jpg,11085.txt,negative
12365,12365.jpg,12365.txt,negative
10032,10032.jpg,10032.txt,positive
5624,5624.jpg,5624.txt,negative
8321,8321.jpg,8321.txt,negative
6307,6307.jpg,6307.txt,negative
8144,8144.jpg,8144.txt,positive
21559,21559.jpg,21559.txt,negative
13340,13340.jpg,13340.txt,negative
13048,13048.jpg,13048.txt,negative
16186,16186.jpg,16186.txt,positive
2925,2925.jpg,2925.txt,negative
18511,18511.jpg,18511.txt,positive
19015,19015.jpg,19015.txt,positive
12666,12666.jpg,12666.txt,negative
9545,9545.jpg,9545.txt,negative
16861,16861.jpg,16861.txt,positive
9923,9923.jpg,9923.txt,negative
22690,22690.jpg,22690.txt,positive
17889,17889.jpg,17889.txt,negative
17360,17360.jpg,17360.txt,negative
15865,15865.jpg,15865.txt,positive
13292,13292.jpg,13292.txt,negative
3187,3187.jpg,3187.txt,positive
11927,11927.jpg,11927.txt,positive
9207,9207.jpg,9207.txt,negative
13501,13501.jpg,13501.txt,positive
8811,8811.jpg,8811.txt,positive
5154,5154.jpg,5154.txt,positive
19871,19871.jpg,19871.txt,positive
18586,18586.jpg,18586.txt,positive
5374,5374.jpg,5374.txt,negative
22115,22115.jpg,22115.txt,positive
9318,9318.jpg,9318.txt,negative
13485,13485.jpg,13485.txt,negative
21442,21442.jpg,21442.txt,positive
10985,10985.jpg,10985.txt,negative
18291,18291.jpg,18291.txt,negative
12586,12586.jpg,12586.txt,negative
10082,10082.jpg,10082.txt,positive
14496,14496.jpg,14496.txt,negative
12486,12486.jpg,12486.txt,negative
22368,22368.jpg,22368.txt,negative
9394,9394.jpg,9394.txt,negative
12948,12948.jpg,12948.txt,positive
5124,5124.jpg,5124.txt,positive
13512,13512.jpg,13512.txt,positive
3456,3456.jpg,3456.txt,negative
3157,3157.jpg,3157.txt,negative
15914,15914.jpg,15914.txt,positive
10030,10030.jpg,10030.txt,negative
2571,2571.jpg,2571.txt,negative
11923,11923.jpg,11923.txt,positive
9878,9878.jpg,9878.txt,negative
2830,2830.jpg,2830.txt,positive
9949,9949.jpg,9949.txt,negative
11917,11917.jpg,11917.txt,positive
22843,22843.jpg,22843.txt,positive
11733,11733.jpg,11733.txt,negative
12236,12236.jpg,12236.txt,positive
3962,3962.jpg,3962.txt,positive
6945,6945.jpg,6945.txt,negative
13011,13011.jpg,13011.txt,positive
15593,15593.jpg,15593.txt,negative
12770,12770.jpg,12770.txt,negative
16887,16887.jpg,16887.txt,positive
22224,22224.jpg,22224.txt,negative
11483,11483.jpg,11483.txt,negative
5753,5753.jpg,5753.txt,positive
12113,12113.jpg,12113.txt,negative
10339,10339.jpg,10339.txt,positive
12539,12539.jpg,12539.txt,negative
12615,12615.jpg,12615.txt,negative
16609,16609.jpg,16609.txt,positive
20820,20820.jpg,20820.txt,positive
14478,14478.jpg,14478.txt,positive
12494,12494.jpg,12494.txt,negative
20582,20582.jpg,20582.txt,negative
17506,17506.jpg,17506.txt,positive
8021,8021.jpg,8021.txt,positive
9280,9280.jpg,9280.txt,positive
16233,16233.jpg,16233.txt,positive
14838,14838.jpg,14838.txt,negative
18395,18395.jpg,18395.txt,positive
2718,2718.jpg,2718.txt,negative
20149,20149.jpg,20149.txt,negative
3063,3063.jpg,3063.txt,negative
22697,22697.jpg,22697.txt,positive
8446,8446.jpg,8446.txt,positive
6793,6793.jpg,6793.txt,positive
10347,10347.jpg,10347.txt,positive
19679,19679.jpg,19679.txt,negative
7241,7241.jpg,7241.txt,positive
7970,7970.jpg,7970.txt,positive
9684,9684.jpg,9684.txt,negative
6044,6044.jpg,6044.txt,negative
22066,22066.jpg,22066.txt,negative
2523,2523.jpg,2523.txt,negative
8135,8135.jpg,8135.txt,positive
9934,9934.jpg,9934.txt,positive
13816,13816.jpg,13816.txt,negative
13452,13452.jpg,13452.txt,positive
14775,14775.jpg,14775.txt,negative
5862,5862.jpg,5862.txt,positive
20727,20727.jpg,20727.txt,negative
14736,14736.jpg,14736.txt,negative
7829,7829.jpg,7829.txt,positive
18049,18049.jpg,18049.txt,negative
9857,9857.jpg,9857.txt,positive
7517,7517.jpg,7517.txt,negative
20013,20013.jpg,20013.txt,positive
9721,9721.jpg,9721.txt,positive
12427,12427.jpg,12427.txt,positive
4980,4980.jpg,4980.txt,negative
10801,10801.jpg,10801.txt,positive
15428,15428.jpg,15428.txt,negative
21879,21879.jpg,21879.txt,negative
15113,15113.jpg,15113.txt,positive
21593,21593.jpg,21593.txt,positive
8781,8781.jpg,8781.txt,negative
11537,11537.jpg,11537.txt,positive
2899,2899.jpg,2899.txt,negative
16012,16012.jpg,16012.txt,positive
22748,22748.jpg,22748.txt,negative
21261,21261.jpg,21261.txt,positive
8214,8214.jpg,8214.txt,positive
11701,11701.jpg,11701.txt,positive
22833,22833.jpg,22833.txt,negative
16556,16556.jpg,16556.txt,negative
9337,9337.jpg,9337.txt,negative
18384,18384.jpg,18384.txt,negative
3170,3170.jpg,3170.txt,negative
12482,12482.jpg,12482.txt,positive
8675,8675.jpg,8675.txt,negative
21569,21569.jpg,21569.txt,negative
9683,9683.jpg,9683.txt,negative
17145,17145.jpg,17145.txt,positive
3024,3024.jpg,3024.txt,positive
9848,9848.jpg,9848.txt,negative
5112,5112.jpg,5112.txt,negative
4534,4534.jpg,4534.txt,positive
10061,10061.jpg,10061.txt,negative
3907,3907.jpg,3907.txt,positive
6328,6328.jpg,6328.txt,negative
14342,14342.jpg,14342.txt,positive
15468,15468.jpg,15468.txt,positive
9128,9128.jpg,9128.txt,negative
11805,11805.jpg,11805.txt,positive
3313,3313.jpg,3313.txt,negative
12131,12131.jpg,12131.txt,negative
22688,22688.jpg,22688.txt,positive
9631,9631.jpg,9631.txt,negative
10241,10241.jpg,10241.txt,negative
10399,10399.jpg,10399.txt,negative
19201,19201.jpg,19201.txt,positive
7173,7173.jpg,7173.txt,positive
19289,19289.jpg,19289.txt,negative
19940,19940.jpg,19940.txt,negative
18669,18669.jpg,18669.txt,positive
9045,9045.jpg,9045.txt,positive
21740,21740.jpg,21740.txt,negative
7833,7833.jpg,7833.txt,negative
7326,7326.jpg,7326.txt,negative
9549,9549.jpg,9549.txt,negative
14517,14517.jpg,14517.txt,negative
16049,16049.jpg,16049.txt,negative
18453,18453.jpg,18453.txt,positive
17870,17870.jpg,17870.txt,positive
21656,21656.jpg,21656.txt,positive
16420,16420.jpg,16420.txt,positive
21755,21755.jpg,21755.txt,negative
12502,12502.jpg,12502.txt,positive
12344,12344.jpg,12344.txt,positive
22558,22558.jpg,22558.txt,negative
13046,13046.jpg,13046.txt,positive
19832,19832.jpg,19832.txt,positive
21772,21772.jpg,21772.txt,positive
21364,21364.jpg,21364.txt,negative
5682,5682.jpg,5682.txt,negative
12918,12918.jpg,12918.txt,positive
7815,7815.jpg,7815.txt,positive
9794,9794.jpg,9794.txt,negative
21895,21895.jpg,21895.txt,positive
19322,19322.jpg,19322.txt,negative
17474,17474.jpg,17474.txt,positive
10042,10042.jpg,10042.txt,negative
3663,3663.jpg,3663.txt,negative
7357,7357.jpg,7357.txt,positive
19545,19545.jpg,19545.txt,negative
7184,7184.jpg,7184.txt,positive
13507,13507.jpg,13507.txt,positive
10603,10603.jpg,10603.txt,negative
2846,2846.jpg,2846.txt,negative
11471,11471.jpg,11471.txt,negative
22045,22045.jpg,22045.txt,positive
3109,3109.jpg,3109.txt,negative
21174,21174.jpg,21174.txt,negative
21369,21369.jpg,21369.txt,negative
13336,13336.jpg,13336.txt,positive
20790,20790.jpg,20790.txt,positive
18273,18273.jpg,18273.txt,positive
4038,4038.jpg,4038.txt,positive
15535,15535.jpg,15535.txt,negative
13314,13314.jpg,13314.txt,negative
14191,14191.jpg,14191.txt,positive
4444,4444.jpg,4444.txt,positive
21852,21852.jpg,21852.txt,positive
3494,3494.jpg,3494.txt,negative
11247,11247.jpg,11247.txt,negative
6299,6299.jpg,6299.txt,positive
17207,17207.jpg,17207.txt,positive
2964,2964.jpg,2964.txt,negative
9544,9544.jpg,9544.txt,negative
17725,17725.jpg,17725.txt,positive
22275,22275.jpg,22275.txt,negative
20312,20312.jpg,20312.txt,positive
19624,19624.jpg,19624.txt,negative
13828,13828.jpg,13828.txt,positive
2509,2509.jpg,2509.txt,negative
20179,20179.jpg,20179.txt,positive
20461,20461.jpg,20461.txt,positive
12653,12653.jpg,12653.txt,positive
21770,21770.jpg,21770.txt,positive
2653,2653.jpg,2653.txt,negative
22771,22771.jpg,22771.txt,negative
20165,20165.jpg,20165.txt,positive
13283,13283.jpg,13283.txt,positive
17114,17114.jpg,17114.txt,positive
12913,12913.jpg,12913.txt,positive
17729,17729.jpg,17729.txt,positive
7775,7775.jpg,7775.txt,positive
11395,11395.jpg,11395.txt,positive
20751,20751.jpg,20751.txt,positive
11687,11687.jpg,11687.txt,positive
21182,21182.jpg,21182.txt,negative
14232,14232.jpg,14232.txt,positive
11609,11609.jpg,11609.txt,positive
2931,2931.jpg,2931.txt,negative
19412,19412.jpg,19412.txt,positive
13872,13872.jpg,13872.txt,negative
14971,14971.jpg,14971.txt,positive
3732,3732.jpg,3732.txt,positive
9445,9445.jpg,9445.txt,negative
11449,11449.jpg,11449.txt,negative
16731,16731.jpg,16731.txt,negative
3793,3793.jpg,3793.txt,positive
9732,9732.jpg,9732.txt,negative
12503,12503.jpg,12503.txt,negative
21918,21918.jpg,21918.txt,negative
17755,17755.jpg,17755.txt,positive
14809,14809.jpg,14809.txt,negative
2758,2758.jpg,2758.txt,negative
10081,10081.jpg,10081.txt,negative
14533,14533.jpg,14533.txt,positive
7593,7593.jpg,7593.txt,positive
11670,11670.jpg,11670.txt,negative
14261,14261.jpg,14261.txt,negative
13333,13333.jpg,13333.txt,negative
22873,22873.jpg,22873.txt,negative
3365,3365.jpg,3365.txt,negative
9317,9317.jpg,9317.txt,positive
19250,19250.jpg,19250.txt,negative
9926,9926.jpg,9926.txt,negative
10697,10697.jpg,10697.txt,positive
17009,17009.jpg,17009.txt,positive
20873,20873.jpg,20873.txt,positive
3306,3306.jpg,3306.txt,negative
15240,15240.jpg,15240.txt,positive
2662,2662.jpg,2662.txt,negative
7229,7229.jpg,7229.txt,negative
15632,15632.jpg,15632.txt,negative
5777,5777.jpg,5777.txt,positive
13763,13763.jpg,13763.txt,positive
22429,22429.jpg,22429.txt,negative
10963,10963.jpg,10963.txt,positive
18906,18906.jpg,18906.txt,positive
14121,14121.jpg,14121.txt,positive
13952,13952.jpg,13952.txt,negative
12774,12774.jpg,12774.txt,negative
21813,21813.jpg,21813.txt,positive
8991,8991.jpg,8991.txt,negative
21218,21218.jpg,21218.txt,positive
9585,9585.jpg,9585.txt,positive
4969,4969.jpg,4969.txt,negative
13699,13699.jpg,13699.txt,positive
22862,22862.jpg,22862.txt,positive
7411,7411.jpg,7411.txt,negative
21665,21665.jpg,21665.txt,negative
20448,20448.jpg,20448.txt,positive
3185,3185.jpg,3185.txt,positive
18497,18497.jpg,18497.txt,positive
7510,7510.jpg,7510.txt,negative
13834,13834.jpg,13834.txt,negative
2692,2692.jpg,2692.txt,negative
16626,16626.jpg,16626.txt,positive
19701,19701.jpg,19701.txt,negative
7966,7966.jpg,7966.txt,positive
12795,12795.jpg,12795.txt,positive
13009,13009.jpg,13009.txt,positive
14723,14723.jpg,14723.txt,positive
2706,2706.jpg,2706.txt,negative
18765,18765.jpg,18765.txt,negative
11159,11159.jpg,11159.txt,positive
17520,17520.jpg,17520.txt,negative
16764,16764.jpg,16764.txt,positive
18519,18519.jpg,18519.txt,positive
10305,10305.jpg,10305.txt,negative
16611,16611.jpg,16611.txt,positive
3643,3643.jpg,3643.txt,positive
2602,2602.jpg,2602.txt,positive
3487,3487.jpg,3487.txt,negative
5922,5922.jpg,5922.txt,positive
4024,4024.jpg,4024.txt,positive
9955,9955.jpg,9955.txt,negative
21398,21398.jpg,21398.txt,negative
9248,9248.jpg,9248.txt,negative
20756,20756.jpg,20756.txt,negative
7386,7386.jpg,7386.txt,positive
14891,14891.jpg,14891.txt,negative
3473,3473.jpg,3473.txt,negative
8307,8307.jpg,8307.txt,positive
5819,5819.jpg,5819.txt,positive
21198,21198.jpg,21198.txt,negative
9329,9329.jpg,9329.txt,negative
2559,2559.jpg,2559.txt,negative
15496,15496.jpg,15496.txt,negative
12645,12645.jpg,12645.txt,positive
12057,12057.jpg,12057.txt,positive
13408,13408.jpg,13408.txt,positive
16815,16815.jpg,16815.txt,positive
22105,22105.jpg,22105.txt,negative
16146,16146.jpg,16146.txt,negative
17744,17744.jpg,17744.txt,positive
11451,11451.jpg,11451.txt,negative
15010,15010.jpg,15010.txt,negative
7223,7223.jpg,7223.txt,positive
19060,19060.jpg,19060.txt,positive
19051,19051.jpg,19051.txt,negative
19402,19402.jpg,19402.txt,negative
10706,10706.jpg,10706.txt,negative
5614,5614.jpg,5614.txt,positive
10792,10792.jpg,10792.txt,negative
18364,18364.jpg,18364.txt,positive
9846,9846.jpg,9846.txt,negative
11941,11941.jpg,11941.txt,negative
12191,12191.jpg,12191.txt,positive
12595,12595.jpg,12595.txt,negative
18606,18606.jpg,18606.txt,negative
18588,18588.jpg,18588.txt,positive
22613,22613.jpg,22613.txt,negative
14388,14388.jpg,14388.txt,negative
7366,7366.jpg,7366.txt,positive
12850,12850.jpg,12850.txt,positive
7774,7774.jpg,7774.txt,positive
21814,21814.jpg,21814.txt,negative
6949,6949.jpg,6949.txt,negative
8983,8983.jpg,8983.txt,negative
8893,8893.jpg,8893.txt,negative
10911,10911.jpg,10911.txt,negative
21537,21537.jpg,21537.txt,positive
12930,12930.jpg,12930.txt,negative
8745,8745.jpg,8745.txt,positive
9941,9941.jpg,9941.txt,positive
8704,8704.jpg,8704.txt,negative
14011,14011.jpg,14011.txt,positive
17493,17493.jpg,17493.txt,positive
9505,9505.jpg,9505.txt,negative
14207,14207.jpg,14207.txt,negative
21422,21422.jpg,21422.txt,positive
10112,10112.jpg,10112.txt,positive
7986,7986.jpg,7986.txt,negative
20209,20209.jpg,20209.txt,positive
22464,22464.jpg,22464.txt,negative
7539,7539.jpg,7539.txt,negative
21836,21836.jpg,21836.txt,negative
11943,11943.jpg,11943.txt,positive
8421,8421.jpg,8421.txt,positive
5927,5927.jpg,5927.txt,negative
14823,14823.jpg,14823.txt,positive
9367,9367.jpg,9367.txt,negative
14132,14132.jpg,14132.txt,negative
17034,17034.jpg,17034.txt,positive
18065,18065.jpg,18065.txt,negative
17869,17869.jpg,17869.txt,positive
6963,6963.jpg,6963.txt,negative
11523,11523.jpg,11523.txt,positive
22793,22793.jpg,22793.txt,negative
3553,3553.jpg,3553.txt,negative
20171,20171.jpg,20171.txt,positive
21673,21673.jpg,21673.txt,positive
12474,12474.jpg,12474.txt,negative
11490,11490.jpg,11490.txt,negative
19054,19054.jpg,19054.txt,positive
8133,8133.jpg,8133.txt,positive
19943,19943.jpg,19943.txt,positive
17535,17535.jpg,17535.txt,negative
22116,22116.jpg,22116.txt,positive
18801,18801.jpg,18801.txt,negative
17363,17363.jpg,17363.txt,positive
18127,18127.jpg,18127.txt,positive
16719,16719.jpg,16719.txt,positive
21712,21712.jpg,21712.txt,positive
22314,22314.jpg,22314.txt,negative
9159,9159.jpg,9159.txt,negative
9040,9040.jpg,9040.txt,positive
3591,3591.jpg,3591.txt,negative
12376,12376.jpg,12376.txt,positive
10902,10902.jpg,10902.txt,positive
14695,14695.jpg,14695.txt,negative
19127,19127.jpg,19127.txt,positive
2815,2815.jpg,2815.txt,negative
17711,17711.jpg,17711.txt,positive
13213,13213.jpg,13213.txt,positive
9204,9204.jpg,9204.txt,negative
4247,4247.jpg,4247.txt,positive
18306,18306.jpg,18306.txt,positive
10690,10690.jpg,10690.txt,positive
5205,5205.jpg,5205.txt,positive
12383,12383.jpg,12383.txt,negative
18977,18977.jpg,18977.txt,positive
12706,12706.jpg,12706.txt,negative
12241,12241.jpg,12241.txt,negative
18843,18843.jpg,18843.txt,positive
3081,3081.jpg,3081.txt,negative
19245,19245.jpg,19245.txt,positive
8115,8115.jpg,8115.txt,positive
7654,7654.jpg,7654.txt,positive
18907,18907.jpg,18907.txt,negative
14614,14614.jpg,14614.txt,positive
3495,3495.jpg,3495.txt,negative
3338,3338.jpg,3338.txt,positive
17418,17418.jpg,17418.txt,negative
11083,11083.jpg,11083.txt,negative
10484,10484.jpg,10484.txt,positive
8626,8626.jpg,8626.txt,negative
15686,15686.jpg,15686.txt,negative
9529,9529.jpg,9529.txt,negative
3411,3411.jpg,3411.txt,negative
3378,3378.jpg,3378.txt,negative
8482,8482.jpg,8482.txt,positive
12540,12540.jpg,12540.txt,negative
20541,20541.jpg,20541.txt,negative
6341,6341.jpg,6341.txt,positive
8209,8209.jpg,8209.txt,positive
12597,12597.jpg,12597.txt,negative
11298,11298.jpg,11298.txt,negative
20842,20842.jpg,20842.txt,positive
13503,13503.jpg,13503.txt,positive
9527,9527.jpg,9527.txt,negative
22387,22387.jpg,22387.txt,positive
3027,3027.jpg,3027.txt,positive
19566,19566.jpg,19566.txt,negative
17079,17079.jpg,17079.txt,positive
19212,19212.jpg,19212.txt,negative
20607,20607.jpg,20607.txt,positive
3251,3251.jpg,3251.txt,negative
12931,12931.jpg,12931.txt,negative
19657,19657.jpg,19657.txt,negative
13444,13444.jpg,13444.txt,positive
18476,18476.jpg,18476.txt,positive
3355,3355.jpg,3355.txt,negative
17683,17683.jpg,17683.txt,negative
11234,11234.jpg,11234.txt,positive
9434,9434.jpg,9434.txt,negative
2753,2753.jpg,2753.txt,negative
6865,6865.jpg,6865.txt,negative
13877,13877.jpg,13877.txt,positive
7701,7701.jpg,7701.txt,positive
19452,19452.jpg,19452.txt,positive
9753,9753.jpg,9753.txt,negative
20315,20315.jpg,20315.txt,positive
22772,22772.jpg,22772.txt,negative
21940,21940.jpg,21940.txt,negative
15666,15666.jpg,15666.txt,positive
21987,21987.jpg,21987.txt,negative
21032,21032.jpg,21032.txt,positive
22600,22600.jpg,22600.txt,negative
20735,20735.jpg,20735.txt,positive
13903,13903.jpg,13903.txt,positive
12018,12018.jpg,12018.txt,negative
20718,20718.jpg,20718.txt,positive
15694,15694.jpg,15694.txt,positive
13653,13653.jpg,13653.txt,negative
7548,7548.jpg,7548.txt,negative
15279,15279.jpg,15279.txt,positive
13423,13423.jpg,13423.txt,negative
6376,6376.jpg,6376.txt,positive
16089,16089.jpg,16089.txt,negative
12864,12864.jpg,12864.txt,positive
7051,7051.jpg,7051.txt,positive
22614,22614.jpg,22614.txt,negative
12831,12831.jpg,12831.txt,positive
16955,16955.jpg,16955.txt,positive
18374,18374.jpg,18374.txt,positive
20207,20207.jpg,20207.txt,negative
6731,6731.jpg,6731.txt,positive
9536,9536.jpg,9536.txt,positive
9225,9225.jpg,9225.txt,negative
13002,13002.jpg,13002.txt,negative
22074,22074.jpg,22074.txt,positive
21610,21610.jpg,21610.txt,negative
19334,19334.jpg,19334.txt,negative
5185,5185.jpg,5185.txt,positive
20483,20483.jpg,20483.txt,negative
10393,10393.jpg,10393.txt,positive
19075,19075.jpg,19075.txt,negative
21016,21016.jpg,21016.txt,positive
14406,14406.jpg,14406.txt,negative
4797,4797.jpg,4797.txt,negative
14485,14485.jpg,14485.txt,positive
18694,18694.jpg,18694.txt,positive
9854,9854.jpg,9854.txt,negative
21683,21683.jpg,21683.txt,negative
17895,17895.jpg,17895.txt,positive
11125,11125.jpg,11125.txt,positive
6151,6151.jpg,6151.txt,positive
2640,2640.jpg,2640.txt,negative
10362,10362.jpg,10362.txt,negative
18592,18592.jpg,18592.txt,negative
3052,3052.jpg,3052.txt,negative
21604,21604.jpg,21604.txt,negative
2810,2810.jpg,2810.txt,negative
12702,12702.jpg,12702.txt,positive
8726,8726.jpg,8726.txt,negative
22380,22380.jpg,22380.txt,negative
12033,12033.jpg,12033.txt,positive
4779,4779.jpg,4779.txt,negative
8427,8427.jpg,8427.txt,negative
20739,20739.jpg,20739.txt,negative
8959,8959.jpg,8959.txt,positive
17113,17113.jpg,17113.txt,positive
3245,3245.jpg,3245.txt,negative
20880,20880.jpg,20880.txt,positive
3205,3205.jpg,3205.txt,negative
14105,14105.jpg,14105.txt,positive
10541,10541.jpg,10541.txt,negative
5011,5011.jpg,5011.txt,positive
9203,9203.jpg,9203.txt,negative
3107,3107.jpg,3107.txt,negative
17161,17161.jpg,17161.txt,negative
21802,21802.jpg,21802.txt,negative
21825,21825.jpg,21825.txt,positive
7072,7072.jpg,7072.txt,positive
18365,18365.jpg,18365.txt,negative
17504,17504.jpg,17504.txt,positive
10540,10540.jpg,10540.txt,negative
18878,18878.jpg,18878.txt,negative
21487,21487.jpg,21487.txt,negative
14335,14335.jpg,14335.txt,positive
11074,11074.jpg,11074.txt,negative
2504,2504.jpg,2504.txt,positive
3653,3653.jpg,3653.txt,negative
12193,12193.jpg,12193.txt,positive
10318,10318.jpg,10318.txt,negative
10198,10198.jpg,10198.txt,positive
5917,5917.jpg,5917.txt,negative
9662,9662.jpg,9662.txt,negative
17175,17175.jpg,17175.txt,positive
10660,10660.jpg,10660.txt,positive
14189,14189.jpg,14189.txt,positive
12923,12923.jpg,12923.txt,negative
12590,12590.jpg,12590.txt,positive
20860,20860.jpg,20860.txt,positive
21768,21768.jpg,21768.txt,positive
19696,19696.jpg,19696.txt,negative
14234,14234.jpg,14234.txt,negative
5687,5687.jpg,5687.txt,negative
21392,21392.jpg,21392.txt,positive
11218,11218.jpg,11218.txt,positive
14706,14706.jpg,14706.txt,positive
4734,4734.jpg,4734.txt,positive
10467,10467.jpg,10467.txt,positive
15899,15899.jpg,15899.txt,positive
18471,18471.jpg,18471.txt,positive
9355,9355.jpg,9355.txt,positive
8937,8937.jpg,8937.txt,negative
12163,12163.jpg,12163.txt,positive
9030,9030.jpg,9030.txt,negative
9618,9618.jpg,9618.txt,negative
9869,9869.jpg,9869.txt,negative
22587,22587.jpg,22587.txt,negative
18729,18729.jpg,18729.txt,positive
11124,11124.jpg,11124.txt,positive
20503,20503.jpg,20503.txt,positive
3309,3309.jpg,3309.txt,positive
8990,8990.jpg,8990.txt,negative
17154,17154.jpg,17154.txt,negative
18106,18106.jpg,18106.txt,positive
3003,3003.jpg,3003.txt,negative
20162,20162.jpg,20162.txt,positive
11577,11577.jpg,11577.txt,negative
7346,7346.jpg,7346.txt,positive
12465,12465.jpg,12465.txt,negative
9868,9868.jpg,9868.txt,negative
10972,10972.jpg,10972.txt,negative
20257,20257.jpg,20257.txt,positive
6017,6017.jpg,6017.txt,positive
22358,22358.jpg,22358.txt,negative
2679,2679.jpg,2679.txt,positive
19096,19096.jpg,19096.txt,positive
19463,19463.jpg,19463.txt,negative
11572,11572.jpg,11572.txt,negative
19085,19085.jpg,19085.txt,positive
20794,20794.jpg,20794.txt,negative
19824,19824.jpg,19824.txt,negative
11756,11756.jpg,11756.txt,negative
9731,9731.jpg,9731.txt,negative
11193,11193.jpg,11193.txt,positive
13483,13483.jpg,13483.txt,positive
22859,22859.jpg,22859.txt,negative
14187,14187.jpg,14187.txt,negative
21648,21648.jpg,21648.txt,positive
5060,5060.jpg,5060.txt,positive
8979,8979.jpg,8979.txt,negative
5267,5267.jpg,5267.txt,positive
12061,12061.jpg,12061.txt,negative
6200,6200.jpg,6200.txt,positive
20235,20235.jpg,20235.txt,positive
5414,5414.jpg,5414.txt,negative
9710,9710.jpg,9710.txt,negative
3566,3566.jpg,3566.txt,negative
22047,22047.jpg,22047.txt,negative
12565,12565.jpg,12565.txt,negative
3153,3153.jpg,3153.txt,negative
6522,6522.jpg,6522.txt,positive
8962,8962.jpg,8962.txt,positive
9051,9051.jpg,9051.txt,negative
5390,5390.jpg,5390.txt,positive
22645,22645.jpg,22645.txt,negative
22069,22069.jpg,22069.txt,positive
13348,13348.jpg,13348.txt,negative
13859,13859.jpg,13859.txt,positive
13838,13838.jpg,13838.txt,negative
9896,9896.jpg,9896.txt,negative
14353,14353.jpg,14353.txt,negative
7180,7180.jpg,7180.txt,positive
14180,14180.jpg,14180.txt,negative
17402,17402.jpg,17402.txt,negative
13373,13373.jpg,13373.txt,negative
22580,22580.jpg,22580.txt,negative
5735,5735.jpg,5735.txt,negative
17115,17115.jpg,17115.txt,negative
15230,15230.jpg,15230.txt,positive
7983,7983.jpg,7983.txt,positive
8540,8540.jpg,8540.txt,negative
19864,19864.jpg,19864.txt,positive
22085,22085.jpg,22085.txt,negative
11123,11123.jpg,11123.txt,positive
9354,9354.jpg,9354.txt,positive
14436,14436.jpg,14436.txt,positive
13600,13600.jpg,13600.txt,positive
10445,10445.jpg,10445.txt,positive
12449,12449.jpg,12449.txt,positive
14317,14317.jpg,14317.txt,negative
14701,14701.jpg,14701.txt,positive
14354,14354.jpg,14354.txt,negative
11508,11508.jpg,11508.txt,negative
11155,11155.jpg,11155.txt,negative
6286,6286.jpg,6286.txt,positive
17348,17348.jpg,17348.txt,positive
18109,18109.jpg,18109.txt,positive
13802,13802.jpg,13802.txt,negative
13841,13841.jpg,13841.txt,negative
8814,8814.jpg,8814.txt,negative
21848,21848.jpg,21848.txt,negative
17694,17694.jpg,17694.txt,positive
22270,22270.jpg,22270.txt,positive
6188,6188.jpg,6188.txt,positive
17027,17027.jpg,17027.txt,negative
5634,5634.jpg,5634.txt,negative
3625,3625.jpg,3625.txt,positive
10688,10688.jpg,10688.txt,positive
22399,22399.jpg,22399.txt,positive
21892,21892.jpg,21892.txt,negative
7961,7961.jpg,7961.txt,positive
21291,21291.jpg,21291.txt,negative
3001,3001.jpg,3001.txt,positive
22644,22644.jpg,22644.txt,negative
9932,9932.jpg,9932.txt,negative
9893,9893.jpg,9893.txt,negative
13609,13609.jpg,13609.txt,positive
2836,2836.jpg,2836.txt,negative
8784,8784.jpg,8784.txt,negative
21965,21965.jpg,21965.txt,negative
4615,4615.jpg,4615.txt,positive
15931,15931.jpg,15931.txt,negative
19507,19507.jpg,19507.txt,positive
19603,19603.jpg,19603.txt,negative
3938,3938.jpg,3938.txt,positive
13799,13799.jpg,13799.txt,positive
12524,12524.jpg,12524.txt,negative
22281,22281.jpg,22281.txt,negative
10049,10049.jpg,10049.txt,negative
17047,17047.jpg,17047.txt,negative
10730,10730.jpg,10730.txt,negative
10984,10984.jpg,10984.txt,positive
11699,11699.jpg,11699.txt,positive
11669,11669.jpg,11669.txt,negative
10216,10216.jpg,10216.txt,positive
6841,6841.jpg,6841.txt,negative
7745,7745.jpg,7745.txt,negative
5008,5008.jpg,5008.txt,positive
13490,13490.jpg,13490.txt,negative
18104,18104.jpg,18104.txt,positive
21784,21784.jpg,21784.txt,negative
16096,16096.jpg,16096.txt,positive
9017,9017.jpg,9017.txt,negative
22571,22571.jpg,22571.txt,negative
2999,2999.jpg,2999.txt,negative
11018,11018.jpg,11018.txt,negative
13771,13771.jpg,13771.txt,positive
19392,19392.jpg,19392.txt,negative
12646,12646.jpg,12646.txt,positive
9897,9897.jpg,9897.txt,negative
6049,6049.jpg,6049.txt,positive
8439,8439.jpg,8439.txt,positive
21544,21544.jpg,21544.txt,negative
22692,22692.jpg,22692.txt,positive
18612,18612.jpg,18612.txt,negative
16720,16720.jpg,16720.txt,negative
3082,3082.jpg,3082.txt,negative
13704,13704.jpg,13704.txt,positive
9672,9672.jpg,9672.txt,negative
13902,13902.jpg,13902.txt,positive
20347,20347.jpg,20347.txt,positive
2624,2624.jpg,2624.txt,positive
20351,20351.jpg,20351.txt,positive
6364,6364.jpg,6364.txt,positive
2671,2671.jpg,2671.txt,negative
10616,10616.jpg,10616.txt,positive
13224,13224.jpg,13224.txt,positive
11148,11148.jpg,11148.txt,negative
12736,12736.jpg,12736.txt,positive
12022,12022.jpg,12022.txt,negative
20498,20498.jpg,20498.txt,positive
4833,4833.jpg,4833.txt,positive
20740,20740.jpg,20740.txt,negative
3435,3435.jpg,3435.txt,negative
8435,8435.jpg,8435.txt,positive
10866,10866.jpg,10866.txt,positive
7596,7596.jpg,7596.txt,positive
4541,4541.jpg,4541.txt,positive
14150,14150.jpg,14150.txt,positive
12478,12478.jpg,12478.txt,positive
6383,6383.jpg,6383.txt,positive
8565,8565.jpg,8565.txt,negative
9994,9994.jpg,9994.txt,negative
22623,22623.jpg,22623.txt,negative
5384,5384.jpg,5384.txt,positive
7603,7603.jpg,7603.txt,positive
7609,7609.jpg,7609.txt,positive
21760,21760.jpg,21760.txt,positive
8880,8880.jpg,8880.txt,negative
16128,16128.jpg,16128.txt,positive
19785,19785.jpg,19785.txt,negative
14057,14057.jpg,14057.txt,positive
9013,9013.jpg,9013.txt,negative
22312,22312.jpg,22312.txt,negative
3044,3044.jpg,3044.txt,negative
9142,9142.jpg,9142.txt,negative
9790,9790.jpg,9790.txt,negative
3738,3738.jpg,3738.txt,negative
2676,2676.jpg,2676.txt,negative
22615,22615.jpg,22615.txt,positive
21915,21915.jpg,21915.txt,negative
14641,14641.jpg,14641.txt,positive
6905,6905.jpg,6905.txt,positive
15562,15562.jpg,15562.txt,negative
17669,17669.jpg,17669.txt,positive
9307,9307.jpg,9307.txt,negative
9920,9920.jpg,9920.txt,negative
3203,3203.jpg,3203.txt,negative
8720,8720.jpg,8720.txt,negative
2990,2990.jpg,2990.txt,negative
9431,9431.jpg,9431.txt,negative
22088,22088.jpg,22088.txt,negative
9114,9114.jpg,9114.txt,positive
14246,14246.jpg,14246.txt,positive
3482,3482.jpg,3482.txt,negative
16206,16206.jpg,16206.txt,negative
20866,20866.jpg,20866.txt,positive
3127,3127.jpg,3127.txt,negative
21161,21161.jpg,21161.txt,negative
7848,7848.jpg,7848.txt,positive
22166,22166.jpg,22166.txt,positive
14975,14975.jpg,14975.txt,negative
12694,12694.jpg,12694.txt,positive
7479,7479.jpg,7479.txt,negative
19815,19815.jpg,19815.txt,positive
10255,10255.jpg,10255.txt,positive
13311,13311.jpg,13311.txt,positive
8717,8717.jpg,8717.txt,negative
20627,20627.jpg,20627.txt,negative
22452,22452.jpg,22452.txt,positive
21115,21115.jpg,21115.txt,negative
21792,21792.jpg,21792.txt,positive
2583,2583.jpg,2583.txt,positive
17578,17578.jpg,17578.txt,positive
3283,3283.jpg,3283.txt,negative
5577,5577.jpg,5577.txt,negative
17065,17065.jpg,17065.txt,positive
11648,11648.jpg,11648.txt,negative
21597,21597.jpg,21597.txt,negative
8099,8099.jpg,8099.txt,positive
3222,3222.jpg,3222.txt,negative
21135,21135.jpg,21135.txt,negative
10955,10955.jpg,10955.txt,negative
8487,8487.jpg,8487.txt,positive
11400,11400.jpg,11400.txt,positive
16171,16171.jpg,16171.txt,positive
9782,9782.jpg,9782.txt,negative
8437,8437.jpg,8437.txt,positive
20286,20286.jpg,20286.txt,positive
8507,8507.jpg,8507.txt,negative
8870,8870.jpg,8870.txt,negative
14529,14529.jpg,14529.txt,negative
14774,14774.jpg,14774.txt,negative
16158,16158.jpg,16158.txt,negative
3413,3413.jpg,3413.txt,positive
21147,21147.jpg,21147.txt,positive
8974,8974.jpg,8974.txt,negative
22639,22639.jpg,22639.txt,positive
15042,15042.jpg,15042.txt,negative
4781,4781.jpg,4781.txt,positive
2856,2856.jpg,2856.txt,negative
15853,15853.jpg,15853.txt,positive
15685,15685.jpg,15685.txt,positive
13256,13256.jpg,13256.txt,positive
8477,8477.jpg,8477.txt,positive
9455,9455.jpg,9455.txt,negative
4177,4177.jpg,4177.txt,negative
14596,14596.jpg,14596.txt,negative
4681,4681.jpg,4681.txt,negative
9028,9028.jpg,9028.txt,negative
22469,22469.jpg,22469.txt,positive
17609,17609.jpg,17609.txt,positive
19851,19851.jpg,19851.txt,positive
6650,6650.jpg,6650.txt,positive
9884,9884.jpg,9884.txt,negative
3274,3274.jpg,3274.txt,negative
17811,17811.jpg,17811.txt,negative
14953,14953.jpg,14953.txt,negative
9235,9235.jpg,9235.txt,negative
8312,8312.jpg,8312.txt,positive
10838,10838.jpg,10838.txt,positive
5883,5883.jpg,5883.txt,negative
9133,9133.jpg,9133.txt,negative
18770,18770.jpg,18770.txt,positive
21898,21898.jpg,21898.txt,positive
6436,6436.jpg,6436.txt,negative
17756,17756.jpg,17756.txt,negative
8833,8833.jpg,8833.txt,negative
17854,17854.jpg,17854.txt,positive
7338,7338.jpg,7338.txt,positive
9560,9560.jpg,9560.txt,negative
18413,18413.jpg,18413.txt,negative
19422,19422.jpg,19422.txt,negative
13823,13823.jpg,13823.txt,positive
22444,22444.jpg,22444.txt,negative
12906,12906.jpg,12906.txt,negative
14833,14833.jpg,14833.txt,positive
3661,3661.jpg,3661.txt,positive
9316,9316.jpg,9316.txt,negative
9824,9824.jpg,9824.txt,negative
13022,13022.jpg,13022.txt,positive
16746,16746.jpg,16746.txt,positive
14380,14380.jpg,14380.txt,positive
14555,14555.jpg,14555.txt,negative
11364,11364.jpg,11364.txt,negative
18984,18984.jpg,18984.txt,positive
2933,2933.jpg,2933.txt,negative
10646,10646.jpg,10646.txt,positive
13175,13175.jpg,13175.txt,positive
2913,2913.jpg,2913.txt,negative
21555,21555.jpg,21555.txt,negative
9144,9144.jpg,9144.txt,positive
17890,17890.jpg,17890.txt,positive
12139,12139.jpg,12139.txt,positive
8856,8856.jpg,8856.txt,positive
21410,21410.jpg,21410.txt,negative
7818,7818.jpg,7818.txt,positive
2969,2969.jpg,2969.txt,negative
13172,13172.jpg,13172.txt,negative
19492,19492.jpg,19492.txt,positive
4282,4282.jpg,4282.txt,positive
8194,8194.jpg,8194.txt,positive
12692,12692.jpg,12692.txt,positive
21621,21621.jpg,21621.txt,negative
22215,22215.jpg,22215.txt,positive
9561,9561.jpg,9561.txt,negative
20530,20530.jpg,20530.txt,positive
17405,17405.jpg,17405.txt,negative
15834,15834.jpg,15834.txt,positive
21517,21517.jpg,21517.txt,negative
17088,17088.jpg,17088.txt,positive
8627,8627.jpg,8627.txt,negative
15844,15844.jpg,15844.txt,positive
6104,6104.jpg,6104.txt,positive
9027,9027.jpg,9027.txt,negative
3135,3135.jpg,3135.txt,negative
4041,4041.jpg,4041.txt,positive
21173,21173.jpg,21173.txt,positive
8890,8890.jpg,8890.txt,negative
21128,21128.jpg,21128.txt,negative
9748,9748.jpg,9748.txt,negative
13416,13416.jpg,13416.txt,positive
21551,21551.jpg,21551.txt,positive
3407,3407.jpg,3407.txt,negative
8512,8512.jpg,8512.txt,positive
14843,14843.jpg,14843.txt,positive
16658,16658.jpg,16658.txt,positive
17398,17398.jpg,17398.txt,positive
2696,2696.jpg,2696.txt,negative
13220,13220.jpg,13220.txt,negative
9938,9938.jpg,9938.txt,negative
13946,13946.jpg,13946.txt,positive
15581,15581.jpg,15581.txt,positive
11443,11443.jpg,11443.txt,negative
2998,2998.jpg,2998.txt,negative
15459,15459.jpg,15459.txt,positive
8902,8902.jpg,8902.txt,negative
10395,10395.jpg,10395.txt,positive
11275,11275.jpg,11275.txt,negative
5804,5804.jpg,5804.txt,positive
21124,21124.jpg,21124.txt,negative
3072,3072.jpg,3072.txt,negative
6548,6548.jpg,6548.txt,positive
13345,13345.jpg,13345.txt,positive
11726,11726.jpg,11726.txt,positive
22876,22876.jpg,22876.txt,positive
8252,8252.jpg,8252.txt,positive
15471,15471.jpg,15471.txt,positive
3753,3753.jpg,3753.txt,negative
9197,9197.jpg,9197.txt,negative
13724,13724.jpg,13724.txt,positive
8055,8055.jpg,8055.txt,positive
16483,16483.jpg,16483.txt,negative
12051,12051.jpg,12051.txt,negative
3620,3620.jpg,3620.txt,negative
9038,9038.jpg,9038.txt,negative
10098,10098.jpg,10098.txt,negative
20103,20103.jpg,20103.txt,positive
8129,8129.jpg,8129.txt,negative
10439,10439.jpg,10439.txt,negative
9834,9834.jpg,9834.txt,negative
14590,14590.jpg,14590.txt,negative
16273,16273.jpg,16273.txt,positive
20907,20907.jpg,20907.txt,positive
3603,3603.jpg,3603.txt,negative
3393,3393.jpg,3393.txt,negative
9236,9236.jpg,9236.txt,negative
6523,6523.jpg,6523.txt,negative
9836,9836.jpg,9836.txt,negative
18902,18902.jpg,18902.txt,positive
4634,4634.jpg,4634.txt,positive
10233,10233.jpg,10233.txt,negative
16961,16961.jpg,16961.txt,positive
9400,9400.jpg,9400.txt,negative
22846,22846.jpg,22846.txt,negative
20785,20785.jpg,20785.txt,negative
20909,20909.jpg,20909.txt,positive
2843,2843.jpg,2843.txt,negative
3060,3060.jpg,3060.txt,negative
14481,14481.jpg,14481.txt,positive
10317,10317.jpg,10317.txt,positive
17013,17013.jpg,17013.txt,positive
12043,12043.jpg,12043.txt,negative
3168,3168.jpg,3168.txt,positive
16424,16424.jpg,16424.txt,positive
17743,17743.jpg,17743.txt,positive
22707,22707.jpg,22707.txt,negative
9101,9101.jpg,9101.txt,negative
12657,12657.jpg,12657.txt,negative
19538,19538.jpg,19538.txt,negative
6915,6915.jpg,6915.txt,positive
15941,15941.jpg,15941.txt,positive
21682,21682.jpg,21682.txt,negative
13573,13573.jpg,13573.txt,negative
9108,9108.jpg,9108.txt,negative
18666,18666.jpg,18666.txt,positive
6178,6178.jpg,6178.txt,negative
10958,10958.jpg,10958.txt,positive
21365,21365.jpg,21365.txt,negative
14355,14355.jpg,14355.txt,negative
8691,8691.jpg,8691.txt,negative
9009,9009.jpg,9009.txt,negative
5313,5313.jpg,5313.txt,negative
2821,2821.jpg,2821.txt,negative
21212,21212.jpg,21212.txt,negative
19613,19613.jpg,19613.txt,negative
19007,19007.jpg,19007.txt,positive
15336,15336.jpg,15336.txt,negative
13166,13166.jpg,13166.txt,negative
8671,8671.jpg,8671.txt,positive
20859,20859.jpg,20859.txt,negative
8630,8630.jpg,8630.txt,positive
15970,15970.jpg,15970.txt,negative
22193,22193.jpg,22193.txt,negative
17591,17591.jpg,17591.txt,positive
4269,4269.jpg,4269.txt,positive
12607,12607.jpg,12607.txt,negative
8346,8346.jpg,8346.txt,positive
22129,22129.jpg,22129.txt,negative
8530,8530.jpg,8530.txt,negative
10144,10144.jpg,10144.txt,negative
2534,2534.jpg,2534.txt,negative
22152,22152.jpg,22152.txt,positive
3380,3380.jpg,3380.txt,negative
10935,10935.jpg,10935.txt,positive
17781,17781.jpg,17781.txt,negative
2942,2942.jpg,2942.txt,negative
8767,8767.jpg,8767.txt,positive
9098,9098.jpg,9098.txt,negative
7894,7894.jpg,7894.txt,positive
21845,21845.jpg,21845.txt,negative
8109,8109.jpg,8109.txt,positive
5126,5126.jpg,5126.txt,negative
13793,13793.jpg,13793.txt,positive
17885,17885.jpg,17885.txt,positive
22075,22075.jpg,22075.txt,negative
7437,7437.jpg,7437.txt,negative
13692,13692.jpg,13692.txt,negative
19114,19114.jpg,19114.txt,positive
3248,3248.jpg,3248.txt,negative
3089,3089.jpg,3089.txt,negative
12861,12861.jpg,12861.txt,positive
19582,19582.jpg,19582.txt,positive
4666,4666.jpg,4666.txt,positive
13301,13301.jpg,13301.txt,positive
21803,21803.jpg,21803.txt,negative
11435,11435.jpg,11435.txt,positive
15271,15271.jpg,15271.txt,positive
3701,3701.jpg,3701.txt,negative
10576,10576.jpg,10576.txt,positive
13644,13644.jpg,13644.txt,positive
2828,2828.jpg,2828.txt,negative
9122,9122.jpg,9122.txt,negative
19955,19955.jpg,19955.txt,positive
15324,15324.jpg,15324.txt,negative
7497,7497.jpg,7497.txt,negative
6461,6461.jpg,6461.txt,positive
21699,21699.jpg,21699.txt,negative
8000,8000.jpg,8000.txt,positive
19174,19174.jpg,19174.txt,positive
19253,19253.jpg,19253.txt,negative
16838,16838.jpg,16838.txt,positive
5435,5435.jpg,5435.txt,positive
17864,17864.jpg,17864.txt,positive
17621,17621.jpg,17621.txt,positive
2598,2598.jpg,2598.txt,negative
11777,11777.jpg,11777.txt,positive
10100,10100.jpg,10100.txt,negative
14236,14236.jpg,14236.txt,negative
22198,22198.jpg,22198.txt,negative
7572,7572.jpg,7572.txt,positive
7592,7592.jpg,7592.txt,positive
11042,11042.jpg,11042.txt,negative
20143,20143.jpg,20143.txt,positive
12859,12859.jpg,12859.txt,negative
17151,17151.jpg,17151.txt,negative
14624,14624.jpg,14624.txt,positive
20849,20849.jpg,20849.txt,positive
18022,18022.jpg,18022.txt,positive
13670,13670.jpg,13670.txt,positive
11442,11442.jpg,11442.txt,positive
14310,14310.jpg,14310.txt,positive
3120,3120.jpg,3120.txt,negative
22288,22288.jpg,22288.txt,negative
9301,9301.jpg,9301.txt,positive
3531,3531.jpg,3531.txt,positive
3730,3730.jpg,3730.txt,negative
8509,8509.jpg,8509.txt,positive
18924,18924.jpg,18924.txt,negative
9765,9765.jpg,9765.txt,negative
20894,20894.jpg,20894.txt,positive
21574,21574.jpg,21574.txt,negative
11741,11741.jpg,11741.txt,positive
14461,14461.jpg,14461.txt,positive
18727,18727.jpg,18727.txt,positive
13123,13123.jpg,13123.txt,negative
20708,20708.jpg,20708.txt,negative
16047,16047.jpg,16047.txt,positive
2608,2608.jpg,2608.txt,negative
7753,7753.jpg,7753.txt,positive
9594,9594.jpg,9594.txt,negative
18087,18087.jpg,18087.txt,positive
12315,12315.jpg,12315.txt,negative
3628,3628.jpg,3628.txt,negative
12662,12662.jpg,12662.txt,positive
22767,22767.jpg,22767.txt,negative
21585,21585.jpg,21585.txt,negative
8192,8192.jpg,8192.txt,positive
13998,13998.jpg,13998.txt,positive
8088,8088.jpg,8088.txt,positive
21882,21882.jpg,21882.txt,negative
9399,9399.jpg,9399.txt,negative
18399,18399.jpg,18399.txt,positive
22101,22101.jpg,22101.txt,negative
3164,3164.jpg,3164.txt,negative
2960,2960.jpg,2960.txt,negative
12304,12304.jpg,12304.txt,negative
13660,13660.jpg,13660.txt,negative
19797,19797.jpg,19797.txt,negative
15421,15421.jpg,15421.txt,negative
22160,22160.jpg,22160.txt,negative
21239,21239.jpg,21239.txt,negative
15682,15682.jpg,15682.txt,positive
14868,14868.jpg,14868.txt,positive
21577,21577.jpg,21577.txt,negative
11880,11880.jpg,11880.txt,positive
9908,9908.jpg,9908.txt,negative
16043,16043.jpg,16043.txt,positive
19404,19404.jpg,19404.txt,positive
19845,19845.jpg,19845.txt,positive
20256,20256.jpg,20256.txt,positive
14642,14642.jpg,14642.txt,negative
10423,10423.jpg,10423.txt,positive
12154,12154.jpg,12154.txt,positive
8678,8678.jpg,8678.txt,negative
18845,18845.jpg,18845.txt,positive
16709,16709.jpg,16709.txt,positive
19783,19783.jpg,19783.txt,negative
21028,21028.jpg,21028.txt,positive
19668,19668.jpg,19668.txt,negative
3609,3609.jpg,3609.txt,positive
18978,18978.jpg,18978.txt,positive
10507,10507.jpg,10507.txt,positive
20136,20136.jpg,20136.txt,positive
15791,15791.jpg,15791.txt,positive
4112,4112.jpg,4112.txt,positive
16939,16939.jpg,16939.txt,negative
3061,3061.jpg,3061.txt,negative
22505,22505.jpg,22505.txt,negative
2884,2884.jpg,2884.txt,negative
17950,17950.jpg,17950.txt,positive
3736,3736.jpg,3736.txt,negative
8250,8250.jpg,8250.txt,positive
18136,18136.jpg,18136.txt,positive
9612,9612.jpg,9612.txt,positive
7559,7559.jpg,7559.txt,positive
5619,5619.jpg,5619.txt,positive
10758,10758.jpg,10758.txt,negative
15071,15071.jpg,15071.txt,positive
22562,22562.jpg,22562.txt,positive
7031,7031.jpg,7031.txt,positive
3933,3933.jpg,3933.txt,positive
2957,2957.jpg,2957.txt,positive
7777,7777.jpg,7777.txt,positive
20353,20353.jpg,20353.txt,negative
12042,12042.jpg,12042.txt,negative
12788,12788.jpg,12788.txt,negative
22143,22143.jpg,22143.txt,positive
8160,8160.jpg,8160.txt,positive
15877,15877.jpg,15877.txt,positive
7855,7855.jpg,7855.txt,positive
22845,22845.jpg,22845.txt,negative
22053,22053.jpg,22053.txt,positive
14662,14662.jpg,14662.txt,negative
18474,18474.jpg,18474.txt,positive
10799,10799.jpg,10799.txt,negative
4836,4836.jpg,4836.txt,negative
20847,20847.jpg,20847.txt,positive
20254,20254.jpg,20254.txt,positive
15717,15717.jpg,15717.txt,negative
15431,15431.jpg,15431.txt,negative
7246,7246.jpg,7246.txt,positive
10612,10612.jpg,10612.txt,positive
21901,21901.jpg,21901.txt,negative
8014,8014.jpg,8014.txt,positive
3131,3131.jpg,3131.txt,positive
2719,2719.jpg,2719.txt,negative
6638,6638.jpg,6638.txt,negative
6783,6783.jpg,6783.txt,negative
10060,10060.jpg,10060.txt,negative
15296,15296.jpg,15296.txt,positive
22191,22191.jpg,22191.txt,negative
11036,11036.jpg,11036.txt,positive
15414,15414.jpg,15414.txt,negative
7676,7676.jpg,7676.txt,positive
22163,22163.jpg,22163.txt,positive
8946,8946.jpg,8946.txt,negative
20039,20039.jpg,20039.txt,negative
20414,20414.jpg,20414.txt,positive
21004,21004.jpg,21004.txt,negative
12415,12415.jpg,12415.txt,negative
12532,12532.jpg,12532.txt,positive
14562,14562.jpg,14562.txt,positive
9775,9775.jpg,9775.txt,negative
17216,17216.jpg,17216.txt,negative
22676,22676.jpg,22676.txt,positive
14255,14255.jpg,14255.txt,positive
5406,5406.jpg,5406.txt,positive
21594,21594.jpg,21594.txt,negative
10924,10924.jpg,10924.txt,positive
19763,19763.jpg,19763.txt,negative
3006,3006.jpg,3006.txt,negative
5659,5659.jpg,5659.txt,positive
15667,15667.jpg,15667.txt,negative
2664,2664.jpg,2664.txt,negative
20091,20091.jpg,20091.txt,positive
21533,21533.jpg,21533.txt,negative
21213,21213.jpg,21213.txt,negative
3918,3918.jpg,3918.txt,negative
4712,4712.jpg,4712.txt,positive
18385,18385.jpg,18385.txt,negative
2902,2902.jpg,2902.txt,negative
3158,3158.jpg,3158.txt,positive
9758,9758.jpg,9758.txt,negative
22001,22001.jpg,22001.txt,negative
9752,9752.jpg,9752.txt,negative
19195,19195.jpg,19195.txt,positive
8333,8333.jpg,8333.txt,positive
18688,18688.jpg,18688.txt,negative
13081,13081.jpg,13081.txt,positive
19984,19984.jpg,19984.txt,positive
8517,8517.jpg,8517.txt,positive
9649,9649.jpg,9649.txt,negative
2604,2604.jpg,2604.txt,positive
14165,14165.jpg,14165.txt,positive
7809,7809.jpg,7809.txt,negative
6230,6230.jpg,6230.txt,negative
18198,18198.jpg,18198.txt,positive
6856,6856.jpg,6856.txt,positive
9349,9349.jpg,9349.txt,negative
16547,16547.jpg,16547.txt,negative
21176,21176.jpg,21176.txt,positive
15786,15786.jpg,15786.txt,positive
3634,3634.jpg,3634.txt,negative
20967,20967.jpg,20967.txt,positive
6994,6994.jpg,6994.txt,negative
14237,14237.jpg,14237.txt,negative
2938,2938.jpg,2938.txt,positive
13887,13887.jpg,13887.txt,negative
21804,21804.jpg,21804.txt,negative
13146,13146.jpg,13146.txt,positive
16434,16434.jpg,16434.txt,negative
8229,8229.jpg,8229.txt,positive
10309,10309.jpg,10309.txt,negative
11053,11053.jpg,11053.txt,positive
2804,2804.jpg,2804.txt,negative
22227,22227.jpg,22227.txt,negative
9200,9200.jpg,9200.txt,negative
6369,6369.jpg,6369.txt,negative
22818,22818.jpg,22818.txt,negative
18837,18837.jpg,18837.txt,negative
3613,3613.jpg,3613.txt,negative
13945,13945.jpg,13945.txt,negative
14463,14463.jpg,14463.txt,positive
2914,2914.jpg,2914.txt,negative
22131,22131.jpg,22131.txt,negative
7823,7823.jpg,7823.txt,positive
6589,6589.jpg,6589.txt,negative
3626,3626.jpg,3626.txt,negative
6529,6529.jpg,6529.txt,positive
7393,7393.jpg,7393.txt,positive
20366,20366.jpg,20366.txt,positive
19776,19776.jpg,19776.txt,negative
11384,11384.jpg,11384.txt,positive
20517,20517.jpg,20517.txt,positive
2697,2697.jpg,2697.txt,negative
7648,7648.jpg,7648.txt,positive
10048,10048.jpg,10048.txt,negative
3392,3392.jpg,3392.txt,positive
18641,18641.jpg,18641.txt,negative
21179,21179.jpg,21179.txt,positive
9419,9419.jpg,9419.txt,positive
3459,3459.jpg,3459.txt,negative
17947,17947.jpg,17947.txt,positive
9812,9812.jpg,9812.txt,negative
8611,8611.jpg,8611.txt,positive
11732,11732.jpg,11732.txt,positive
9063,9063.jpg,9063.txt,positive
13457,13457.jpg,13457.txt,negative
11415,11415.jpg,11415.txt,negative
18284,18284.jpg,18284.txt,negative
9306,9306.jpg,9306.txt,negative
18398,18398.jpg,18398.txt,negative
4638,4638.jpg,4638.txt,positive
10256,10256.jpg,10256.txt,negative
16035,16035.jpg,16035.txt,positive
14022,14022.jpg,14022.txt,positive
11615,11615.jpg,11615.txt,positive
16048,16048.jpg,16048.txt,negative
12121,12121.jpg,12121.txt,negative
22123,22123.jpg,22123.txt,negative
7795,7795.jpg,7795.txt,positive
11919,11919.jpg,11919.txt,positive
6452,6452.jpg,6452.txt,negative
12357,12357.jpg,12357.txt,negative
17690,17690.jpg,17690.txt,negative
2734,2734.jpg,2734.txt,negative
17345,17345.jpg,17345.txt,positive
16635,16635.jpg,16635.txt,positive
13145,13145.jpg,13145.txt,negative
8852,8852.jpg,8852.txt,negative
9590,9590.jpg,9590.txt,negative
14230,14230.jpg,14230.txt,positive
8147,8147.jpg,8147.txt,positive
6728,6728.jpg,6728.txt,positive
15012,15012.jpg,15012.txt,negative
6730,6730.jpg,6730.txt,negative
18602,18602.jpg,18602.txt,positive
19571,19571.jpg,19571.txt,positive
3674,3674.jpg,3674.txt,negative
12213,12213.jpg,12213.txt,positive
20241,20241.jpg,20241.txt,negative
4913,4913.jpg,4913.txt,positive
22113,22113.jpg,22113.txt,positive
6133,6133.jpg,6133.txt,positive
6951,6951.jpg,6951.txt,negative
22376,22376.jpg,22376.txt,positive
5333,5333.jpg,5333.txt,positive
18933,18933.jpg,18933.txt,positive
8873,8873.jpg,8873.txt,negative
9774,9774.jpg,9774.txt,negative
12192,12192.jpg,12192.txt,positive
3457,3457.jpg,3457.txt,negative
7628,7628.jpg,7628.txt,positive
5314,5314.jpg,5314.txt,positive
6697,6697.jpg,6697.txt,negative
8284,8284.jpg,8284.txt,positive
6628,6628.jpg,6628.txt,negative
4780,4780.jpg,4780.txt,positive
21638,21638.jpg,21638.txt,negative
12408,12408.jpg,12408.txt,positive
22498,22498.jpg,22498.txt,negative
11039,11039.jpg,11039.txt,positive
9538,9538.jpg,9538.txt,positive
18085,18085.jpg,18085.txt,negative
8578,8578.jpg,8578.txt,negative
14759,14759.jpg,14759.txt,negative
5889,5889.jpg,5889.txt,positive
14709,14709.jpg,14709.txt,positive
12295,12295.jpg,12295.txt,negative
7941,7941.jpg,7941.txt,positive
8225,8225.jpg,8225.txt,positive
5920,5920.jpg,5920.txt,positive
3154,3154.jpg,3154.txt,negative
5030,5030.jpg,5030.txt,positive
3221,3221.jpg,3221.txt,negative
10509,10509.jpg,10509.txt,positive
5387,5387.jpg,5387.txt,positive
18659,18659.jpg,18659.txt,negative
18958,18958.jpg,18958.txt,negative
14835,14835.jpg,14835.txt,positive
8417,8417.jpg,8417.txt,positive
18279,18279.jpg,18279.txt,negative
11292,11292.jpg,11292.txt,negative
21705,21705.jpg,21705.txt,negative
15084,15084.jpg,15084.txt,negative
8390,8390.jpg,8390.txt,positive
3685,3685.jpg,3685.txt,positive
12958,12958.jpg,12958.txt,negative
22840,22840.jpg,22840.txt,positive
22352,22352.jpg,22352.txt,positive
15579,15579.jpg,15579.txt,negative
22497,22497.jpg,22497.txt,negative
17663,17663.jpg,17663.txt,negative
22286,22286.jpg,22286.txt,positive
8047,8047.jpg,8047.txt,positive
13731,13731.jpg,13731.txt,positive
20834,20834.jpg,20834.txt,positive
6576,6576.jpg,6576.txt,positive
20916,20916.jpg,20916.txt,negative
9900,9900.jpg,9900.txt,negative
13715,13715.jpg,13715.txt,negative
15143,15143.jpg,15143.txt,positive
3147,3147.jpg,3147.txt,positive
8445,8445.jpg,8445.txt,positive
14502,14502.jpg,14502.txt,negative
13869,13869.jpg,13869.txt,negative
13243,13243.jpg,13243.txt,negative
5853,5853.jpg,5853.txt,positive
13400,13400.jpg,13400.txt,positive
12198,12198.jpg,12198.txt,negative
9208,9208.jpg,9208.txt,negative
21387,21387.jpg,21387.txt,positive
9835,9835.jpg,9835.txt,negative
17800,17800.jpg,17800.txt,positive
7585,7585.jpg,7585.txt,positive
9821,9821.jpg,9821.txt,negative
3402,3402.jpg,3402.txt,negative
13476,13476.jpg,13476.txt,negative
4723,4723.jpg,4723.txt,negative
19378,19378.jpg,19378.txt,positive
9198,9198.jpg,9198.txt,negative
5469,5469.jpg,5469.txt,positive
21807,21807.jpg,21807.txt,positive
3526,3526.jpg,3526.txt,negative
3400,3400.jpg,3400.txt,negative
11690,11690.jpg,11690.txt,positive
11134,11134.jpg,11134.txt,negative
19358,19358.jpg,19358.txt,negative
19751,19751.jpg,19751.txt,positive
10726,10726.jpg,10726.txt,positive
8808,8808.jpg,8808.txt,positive
11865,11865.jpg,11865.txt,positive
22114,22114.jpg,22114.txt,negative
22556,22556.jpg,22556.txt,positive
14106,14106.jpg,14106.txt,negative
21068,21068.jpg,21068.txt,positive
8994,8994.jpg,8994.txt,negative
14850,14850.jpg,14850.txt,positive
12457,12457.jpg,12457.txt,positive
21819,21819.jpg,21819.txt,positive
11232,11232.jpg,11232.txt,negative
15954,15954.jpg,15954.txt,positive
13062,13062.jpg,13062.txt,positive
21618,21618.jpg,21618.txt,positive
10510,10510.jpg,10510.txt,positive
17035,17035.jpg,17035.txt,negative
9670,9670.jpg,9670.txt,positive
11836,11836.jpg,11836.txt,positive
8408,8408.jpg,8408.txt,positive
7678,7678.jpg,7678.txt,positive
14363,14363.jpg,14363.txt,positive
22374,22374.jpg,22374.txt,positive
9614,9614.jpg,9614.txt,negative
22375,22375.jpg,22375.txt,negative
6339,6339.jpg,6339.txt,positive
19301,19301.jpg,19301.txt,negative
21518,21518.jpg,21518.txt,positive
10132,10132.jpg,10132.txt,negative
9016,9016.jpg,9016.txt,negative
9806,9806.jpg,9806.txt,negative
14795,14795.jpg,14795.txt,negative
3506,3506.jpg,3506.txt,negative
20810,20810.jpg,20810.txt,negative
8775,8775.jpg,8775.txt,negative
8733,8733.jpg,8733.txt,negative
21992,21992.jpg,21992.txt,negative
14634,14634.jpg,14634.txt,positive
9894,9894.jpg,9894.txt,positive
7225,7225.jpg,7225.txt,positive
21292,21292.jpg,21292.txt,negative
3632,3632.jpg,3632.txt,negative
3337,3337.jpg,3337.txt,positive
7839,7839.jpg,7839.txt,positive
12663,12663.jpg,12663.txt,positive
2678,2678.jpg,2678.txt,negative
14967,14967.jpg,14967.txt,positive
22282,22282.jpg,22282.txt,negative
5368,5368.jpg,5368.txt,negative
15070,15070.jpg,15070.txt,positive
15106,15106.jpg,15106.txt,negative
7333,7333.jpg,7333.txt,positive
2649,2649.jpg,2649.txt,negative
13867,13867.jpg,13867.txt,positive
11928,11928.jpg,11928.txt,positive
7448,7448.jpg,7448.txt,negative
3499,3499.jpg,3499.txt,negative
10965,10965.jpg,10965.txt,negative
8093,8093.jpg,8093.txt,positive
8754,8754.jpg,8754.txt,negative
21600,21600.jpg,21600.txt,positive
9688,9688.jpg,9688.txt,negative
14323,14323.jpg,14323.txt,positive
2677,2677.jpg,2677.txt,positive
22106,22106.jpg,22106.txt,negative
11198,11198.jpg,11198.txt,positive
8973,8973.jpg,8973.txt,negative
19244,19244.jpg,19244.txt,negative
11820,11820.jpg,11820.txt,positive
13545,13545.jpg,13545.txt,positive
9488,9488.jpg,9488.txt,positive
18243,18243.jpg,18243.txt,positive
10627,10627.jpg,10627.txt,negative
7488,7488.jpg,7488.txt,positive
2564,2564.jpg,2564.txt,positive
9373,9373.jpg,9373.txt,negative
9299,9299.jpg,9299.txt,negative
13421,13421.jpg,13421.txt,negative
2711,2711.jpg,2711.txt,positive
15956,15956.jpg,15956.txt,negative
3328,3328.jpg,3328.txt,negative
20379,20379.jpg,20379.txt,positive
17139,17139.jpg,17139.txt,positive
3898,3898.jpg,3898.txt,positive
16768,16768.jpg,16768.txt,negative
22743,22743.jpg,22743.txt,negative
10930,10930.jpg,10930.txt,positive
9433,9433.jpg,9433.txt,negative
4992,4992.jpg,4992.txt,negative
14540,14540.jpg,14540.txt,positive
10883,10883.jpg,10883.txt,negative
21385,21385.jpg,21385.txt,negative
16560,16560.jpg,16560.txt,positive
20885,20885.jpg,20885.txt,positive
22301,22301.jpg,22301.txt,negative
17206,17206.jpg,17206.txt,positive
21731,21731.jpg,21731.txt,positive
15158,15158.jpg,15158.txt,positive
18595,18595.jpg,18595.txt,negative
18163,18163.jpg,18163.txt,positive
22200,22200.jpg,22200.txt,negative
5558,5558.jpg,5558.txt,positive
13764,13764.jpg,13764.txt,positive
16744,16744.jpg,16744.txt,negative
19159,19159.jpg,19159.txt,positive
21430,21430.jpg,21430.txt,positive
14173,14173.jpg,14173.txt,negative
22167,22167.jpg,22167.txt,negative
16474,16474.jpg,16474.txt,positive
14626,14626.jpg,14626.txt,positive
12212,12212.jpg,12212.txt,negative
2591,2591.jpg,2591.txt,positive
18468,18468.jpg,18468.txt,negative
12453,12453.jpg,12453.txt,positive
10777,10777.jpg,10777.txt,negative
10050,10050.jpg,10050.txt,negative
4995,4995.jpg,4995.txt,positive
20867,20867.jpg,20867.txt,negative
12269,12269.jpg,12269.txt,positive
10876,10876.jpg,10876.txt,positive
14612,14612.jpg,14612.txt,positive
12533,12533.jpg,12533.txt,negative
8579,8579.jpg,8579.txt,negative
16066,16066.jpg,16066.txt,negative
7155,7155.jpg,7155.txt,positive
22849,22849.jpg,22849.txt,positive
22161,22161.jpg,22161.txt,negative
4104,4104.jpg,4104.txt,positive
12088,12088.jpg,12088.txt,positive
22548,22548.jpg,22548.txt,positive
19024,19024.jpg,19024.txt,negative
20325,20325.jpg,20325.txt,positive
8028,8028.jpg,8028.txt,negative
10811,10811.jpg,10811.txt,negative
11209,11209.jpg,11209.txt,negative
2845,2845.jpg,2845.txt,negative
11546,11546.jpg,11546.txt,positive
15534,15534.jpg,15534.txt,positive
21745,21745.jpg,21745.txt,positive
21515,21515.jpg,21515.txt,positive
22730,22730.jpg,22730.txt,negative
3054,3054.jpg,3054.txt,negative
16962,16962.jpg,16962.txt,positive
14186,14186.jpg,14186.txt,positive
14192,14192.jpg,14192.txt,negative
16255,16255.jpg,16255.txt,negative
4973,4973.jpg,4973.txt,negative
19965,19965.jpg,19965.txt,positive
7663,7663.jpg,7663.txt,positive
5790,5790.jpg,5790.txt,positive
16315,16315.jpg,16315.txt,positive
7095,7095.jpg,7095.txt,positive
3296,3296.jpg,3296.txt,negative
9556,9556.jpg,9556.txt,negative
21151,21151.jpg,21151.txt,positive
12271,12271.jpg,12271.txt,positive
12218,12218.jpg,12218.txt,negative
9860,9860.jpg,9860.txt,positive
9067,9067.jpg,9067.txt,negative
10696,10696.jpg,10696.txt,negative
14309,14309.jpg,14309.txt,positive
22619,22619.jpg,22619.txt,positive
6225,6225.jpg,6225.txt,positive
6664,6664.jpg,6664.txt,positive
21416,21416.jpg,21416.txt,negative
8260,8260.jpg,8260.txt,positive
21855,21855.jpg,21855.txt,negative
20695,20695.jpg,20695.txt,positive
20871,20871.jpg,20871.txt,negative
19427,19427.jpg,19427.txt,positive
6256,6256.jpg,6256.txt,negative
12730,12730.jpg,12730.txt,negative
12400,12400.jpg,12400.txt,negative
10865,10865.jpg,10865.txt,negative
18515,18515.jpg,18515.txt,negative
5785,5785.jpg,5785.txt,positive
21036,21036.jpg,21036.txt,negative
9257,9257.jpg,9257.txt,negative
6180,6180.jpg,6180.txt,positive
3462,3462.jpg,3462.txt,negative
19712,19712.jpg,19712.txt,positive
6527,6527.jpg,6527.txt,positive
12912,12912.jpg,12912.txt,negative
12428,12428.jpg,12428.txt,positive
22073,22073.jpg,22073.txt,positive
16463,16463.jpg,16463.txt,positive
6875,6875.jpg,6875.txt,positive
7598,7598.jpg,7598.txt,positive
3713,3713.jpg,3713.txt,negative
3421,3421.jpg,3421.txt,positive
19423,19423.jpg,19423.txt,negative
10408,10408.jpg,10408.txt,negative
6626,6626.jpg,6626.txt,positive
2634,2634.jpg,2634.txt,negative
8574,8574.jpg,8574.txt,positive
3341,3341.jpg,3341.txt,negative
3229,3229.jpg,3229.txt,negative
5527,5527.jpg,5527.txt,negative
11845,11845.jpg,11845.txt,positive
22736,22736.jpg,22736.txt,negative
3366,3366.jpg,3366.txt,negative
13441,13441.jpg,13441.txt,positive
16566,16566.jpg,16566.txt,positive
10889,10889.jpg,10889.txt,negative
9777,9777.jpg,9777.txt,positive
9167,9167.jpg,9167.txt,negative
19529,19529.jpg,19529.txt,positive
10212,10212.jpg,10212.txt,positive
3394,3394.jpg,3394.txt,positive
11567,11567.jpg,11567.txt,positive
2993,2993.jpg,2993.txt,negative
21821,21821.jpg,21821.txt,positive
3971,3971.jpg,3971.txt,positive
11006,11006.jpg,11006.txt,positive
16005,16005.jpg,16005.txt,positive
22366,22366.jpg,22366.txt,negative
10240,10240.jpg,10240.txt,positive
11864,11864.jpg,11864.txt,negative
19720,19720.jpg,19720.txt,positive
8942,8942.jpg,8942.txt,negative
10845,10845.jpg,10845.txt,positive
17045,17045.jpg,17045.txt,negative
20145,20145.jpg,20145.txt,negative
3117,3117.jpg,3117.txt,negative
20057,20057.jpg,20057.txt,positive
10143,10143.jpg,10143.txt,negative
15251,15251.jpg,15251.txt,positive
9460,9460.jpg,9460.txt,positive
20346,20346.jpg,20346.txt,positive
11734,11734.jpg,11734.txt,positive
2731,2731.jpg,2731.txt,negative
2756,2756.jpg,2756.txt,negative
9890,9890.jpg,9890.txt,negative
7048,7048.jpg,7048.txt,negative
5021,5021.jpg,5021.txt,positive
9427,9427.jpg,9427.txt,positive
22419,22419.jpg,22419.txt,negative
5529,5529.jpg,5529.txt,positive
5957,5957.jpg,5957.txt,positive
21884,21884.jpg,21884.txt,negative
3593,3593.jpg,3593.txt,negative
13113,13113.jpg,13113.txt,positive
21809,21809.jpg,21809.txt,positive
17119,17119.jpg,17119.txt,negative
21774,21774.jpg,21774.txt,negative
15820,15820.jpg,15820.txt,positive
8780,8780.jpg,8780.txt,positive
19256,19256.jpg,19256.txt,negative
8866,8866.jpg,8866.txt,negative
11038,11038.jpg,11038.txt,negative
21868,21868.jpg,21868.txt,positive
13801,13801.jpg,13801.txt,negative
6757,6757.jpg,6757.txt,positive
15539,15539.jpg,15539.txt,positive
12358,12358.jpg,12358.txt,negative
2650,2650.jpg,2650.txt,negative
13750,13750.jpg,13750.txt,positive
12160,12160.jpg,12160.txt,negative
22411,22411.jpg,22411.txt,negative
22467,22467.jpg,22467.txt,negative
3851,3851.jpg,3851.txt,positive
13711,13711.jpg,13711.txt,negative
9847,9847.jpg,9847.txt,positive
21373,21373.jpg,21373.txt,negative
8960,8960.jpg,8960.txt,negative
4577,4577.jpg,4577.txt,positive
12766,12766.jpg,12766.txt,negative
19331,19331.jpg,19331.txt,positive
20515,20515.jpg,20515.txt,negative
18466,18466.jpg,18466.txt,negative
10995,10995.jpg,10995.txt,negative
10346,10346.jpg,10346.txt,negative
4283,4283.jpg,4283.txt,positive
6549,6549.jpg,6549.txt,positive
17147,17147.jpg,17147.txt,positive
22222,22222.jpg,22222.txt,positive
14243,14243.jpg,14243.txt,negative
12729,12729.jpg,12729.txt,negative
3260,3260.jpg,3260.txt,negative
18513,18513.jpg,18513.txt,positive
15723,15723.jpg,15723.txt,positive
9362,9362.jpg,9362.txt,positive
5750,5750.jpg,5750.txt,positive
22263,22263.jpg,22263.txt,positive
13479,13479.jpg,13479.txt,negative
14771,14771.jpg,14771.txt,positive
3654,3654.jpg,3654.txt,negative
5553,5553.jpg,5553.txt,positive
13631,13631.jpg,13631.txt,negative
20446,20446.jpg,20446.txt,negative
13141,13141.jpg,13141.txt,negative
11027,11027.jpg,11027.txt,positive
13997,13997.jpg,13997.txt,positive
12508,12508.jpg,12508.txt,negative
7947,7947.jpg,7947.txt,positive
7852,7852.jpg,7852.txt,positive
9711,9711.jpg,9711.txt,negative
4921,4921.jpg,4921.txt,negative
18561,18561.jpg,18561.txt,negative
17828,17828.jpg,17828.txt,positive
15375,15375.jpg,15375.txt,negative
9814,9814.jpg,9814.txt,negative
10701,10701.jpg,10701.txt,negative
6833,6833.jpg,6833.txt,positive
2917,2917.jpg,2917.txt,positive
22602,22602.jpg,22602.txt,negative
10194,10194.jpg,10194.txt,positive
15387,15387.jpg,15387.txt,negative
13010,13010.jpg,13010.txt,negative
12676,12676.jpg,12676.txt,positive
6446,6446.jpg,6446.txt,negative
6977,6977.jpg,6977.txt,negative
15975,15975.jpg,15975.txt,positive
19727,19727.jpg,19727.txt,positive
17249,17249.jpg,17249.txt,positive
16140,16140.jpg,16140.txt,negative
14097,14097.jpg,14097.txt,positive
9755,9755.jpg,9755.txt,negative
19983,19983.jpg,19983.txt,positive
18677,18677.jpg,18677.txt,negative
5223,5223.jpg,5223.txt,positive
12938,12938.jpg,12938.txt,negative
7803,7803.jpg,7803.txt,positive
7551,7551.jpg,7551.txt,negative
4034,4034.jpg,4034.txt,positive
21839,21839.jpg,21839.txt,negative
7645,7645.jpg,7645.txt,negative
9678,9678.jpg,9678.txt,negative
11583,11583.jpg,11583.txt,negative
14653,14653.jpg,14653.txt,positive
6448,6448.jpg,6448.txt,positive
9507,9507.jpg,9507.txt,negative
14410,14410.jpg,14410.txt,positive
6810,6810.jpg,6810.txt,positive
2984,2984.jpg,2984.txt,positive
12196,12196.jpg,12196.txt,positive
11996,11996.jpg,11996.txt,negative
18579,18579.jpg,18579.txt,positive
16898,16898.jpg,16898.txt,positive
22328,22328.jpg,22328.txt,negative
8862,8862.jpg,8862.txt,positive
4668,4668.jpg,4668.txt,positive
7979,7979.jpg,7979.txt,positive
8709,8709.jpg,8709.txt,negative
15146,15146.jpg,15146.txt,negative
15263,15263.jpg,15263.txt,negative
4942,4942.jpg,4942.txt,negative
19479,19479.jpg,19479.txt,positive
22136,22136.jpg,22136.txt,positive
17738,17738.jpg,17738.txt,negative
4742,4742.jpg,4742.txt,positive
6516,6516.jpg,6516.txt,positive
5832,5832.jpg,5832.txt,positive
18957,18957.jpg,18957.txt,negative
14826,14826.jpg,14826.txt,negative
5955,5955.jpg,5955.txt,positive
21578,21578.jpg,21578.txt,positive
10237,10237.jpg,10237.txt,negative
15908,15908.jpg,15908.txt,positive
17976,17976.jpg,17976.txt,negative
7054,7054.jpg,7054.txt,positive
5171,5171.jpg,5171.txt,negative
7466,7466.jpg,7466.txt,negative
18882,18882.jpg,18882.txt,negative
7854,7854.jpg,7854.txt,negative
2766,2766.jpg,2766.txt,negative
20534,20534.jpg,20534.txt,positive
18375,18375.jpg,18375.txt,positive
14366,14366.jpg,14366.txt,negative
5948,5948.jpg,5948.txt,negative
6159,6159.jpg,6159.txt,positive
15619,15619.jpg,15619.txt,positive
20206,20206.jpg,20206.txt,positive
20148,20148.jpg,20148.txt,negative
15280,15280.jpg,15280.txt,negative
8786,8786.jpg,8786.txt,negative
10047,10047.jpg,10047.txt,negative
4828,4828.jpg,4828.txt,positive
18750,18750.jpg,18750.txt,positive
11099,11099.jpg,11099.txt,positive
18297,18297.jpg,18297.txt,negative
15175,15175.jpg,15175.txt,positive
9877,9877.jpg,9877.txt,negative
8634,8634.jpg,8634.txt,positive
11224,11224.jpg,11224.txt,negative
9526,9526.jpg,9526.txt,negative
16030,16030.jpg,16030.txt,positive
4731,4731.jpg,4731.txt,positive
17867,17867.jpg,17867.txt,positive
14327,14327.jpg,14327.txt,positive
10105,10105.jpg,10105.txt,negative
17343,17343.jpg,17343.txt,negative
17911,17911.jpg,17911.txt,positive
3901,3901.jpg,3901.txt,negative
2618,2618.jpg,2618.txt,negative
18762,18762.jpg,18762.txt,positive
14233,14233.jpg,14233.txt,negative
21418,21418.jpg,21418.txt,negative
9343,9343.jpg,9343.txt,negative
22626,22626.jpg,22626.txt,negative
15864,15864.jpg,15864.txt,positive
5219,5219.jpg,5219.txt,positive
18805,18805.jpg,18805.txt,positive
8972,8972.jpg,8972.txt,negative
6925,6925.jpg,6925.txt,positive
10013,10013.jpg,10013.txt,negative
17555,17555.jpg,17555.txt,positive
13855,13855.jpg,13855.txt,positive
18622,18622.jpg,18622.txt,negative
20167,20167.jpg,20167.txt,negative
5532,5532.jpg,5532.txt,positive
13440,13440.jpg,13440.txt,negative
11279,11279.jpg,11279.txt,positive
3754,3754.jpg,3754.txt,negative
22878,22878.jpg,22878.txt,positive
6723,6723.jpg,6723.txt,negative
3018,3018.jpg,3018.txt,negative
18223,18223.jpg,18223.txt,negative
21226,21226.jpg,21226.txt,positive
7883,7883.jpg,7883.txt,positive
20603,20603.jpg,20603.txt,positive
10433,10433.jpg,10433.txt,negative
9697,9697.jpg,9697.txt,negative
8658,8658.jpg,8658.txt,positive
9745,9745.jpg,9745.txt,negative
17106,17106.jpg,17106.txt,positive
10655,10655.jpg,10655.txt,negative
12487,12487.jpg,12487.txt,negative
10031,10031.jpg,10031.txt,negative
11808,11808.jpg,11808.txt,positive
3155,3155.jpg,3155.txt,negative
14708,14708.jpg,14708.txt,negative
16737,16737.jpg,16737.txt,positive
17438,17438.jpg,17438.txt,negative
2908,2908.jpg,2908.txt,negative
18401,18401.jpg,18401.txt,positive
9781,9781.jpg,9781.txt,negative
3569,3569.jpg,3569.txt,negative
12246,12246.jpg,12246.txt,positive
10067,10067.jpg,10067.txt,negative
10045,10045.jpg,10045.txt,negative
16266,16266.jpg,16266.txt,positive
10101,10101.jpg,10101.txt,negative
10824,10824.jpg,10824.txt,negative
9511,9511.jpg,9511.txt,positive
14329,14329.jpg,14329.txt,negative
17989,17989.jpg,17989.txt,positive
20370,20370.jpg,20370.txt,positive
9734,9734.jpg,9734.txt,negative
7867,7867.jpg,7867.txt,positive
22658,22658.jpg,22658.txt,negative
7896,7896.jpg,7896.txt,positive
9034,9034.jpg,9034.txt,negative
22547,22547.jpg,22547.txt,negative
11544,11544.jpg,11544.txt,positive
17411,17411.jpg,17411.txt,positive
18796,18796.jpg,18796.txt,positive
7767,7767.jpg,7767.txt,positive
3930,3930.jpg,3930.txt,positive
9004,9004.jpg,9004.txt,positive
8251,8251.jpg,8251.txt,positive
5214,5214.jpg,5214.txt,positive
10141,10141.jpg,10141.txt,negative
10812,10812.jpg,10812.txt,negative
10043,10043.jpg,10043.txt,negative
12156,12156.jpg,12156.txt,positive
10766,10766.jpg,10766.txt,positive
12911,12911.jpg,12911.txt,positive
14102,14102.jpg,14102.txt,positive
20663,20663.jpg,20663.txt,negative
12617,12617.jpg,12617.txt,negative
21728,21728.jpg,21728.txt,positive
4755,4755.jpg,4755.txt,positive
6796,6796.jpg,6796.txt,positive
14740,14740.jpg,14740.txt,positive
22529,22529.jpg,22529.txt,positive
16156,16156.jpg,16156.txt,positive
9129,9129.jpg,9129.txt,positive
19605,19605.jpg,19605.txt,negative
6559,6559.jpg,6559.txt,positive
6139,6139.jpg,6139.txt,negative
9785,9785.jpg,9785.txt,negative
17040,17040.jpg,17040.txt,positive
14511,14511.jpg,14511.txt,negative
19281,19281.jpg,19281.txt,positive
3522,3522.jpg,3522.txt,negative
9254,9254.jpg,9254.txt,positive
2768,2768.jpg,2768.txt,negative
19891,19891.jpg,19891.txt,positive
3615,3615.jpg,3615.txt,negative
21203,21203.jpg,21203.txt,negative
13972,13972.jpg,13972.txt,negative
20552,20552.jpg,20552.txt,positive
3880,3880.jpg,3880.txt,positive
12172,12172.jpg,12172.txt,negative
17629,17629.jpg,17629.txt,positive
16665,16665.jpg,16665.txt,negative
17289,17289.jpg,17289.txt,positive
7680,7680.jpg,7680.txt,positive
3577,3577.jpg,3577.txt,negative
9822,9822.jpg,9822.txt,positive
17313,17313.jpg,17313.txt,negative
10534,10534.jpg,10534.txt,negative
3360,3360.jpg,3360.txt,positive
3180,3180.jpg,3180.txt,negative
3770,3770.jpg,3770.txt,positive
10370,10370.jpg,10370.txt,positive
17170,17170.jpg,17170.txt,negative
15523,15523.jpg,15523.txt,positive
3039,3039.jpg,3039.txt,negative
17120,17120.jpg,17120.txt,positive
18800,18800.jpg,18800.txt,positive
3228,3228.jpg,3228.txt,positive
8998,8998.jpg,8998.txt,negative
7982,7982.jpg,7982.txt,positive
14966,14966.jpg,14966.txt,negative
17774,17774.jpg,17774.txt,negative
22016,22016.jpg,22016.txt,positive
12137,12137.jpg,12137.txt,negative
12355,12355.jpg,12355.txt,positive
10951,10951.jpg,10951.txt,positive
16972,16972.jpg,16972.txt,negative
9213,9213.jpg,9213.txt,positive
4284,4284.jpg,4284.txt,positive
10481,10481.jpg,10481.txt,negative
20725,20725.jpg,20725.txt,negative
10244,10244.jpg,10244.txt,positive
4448,4448.jpg,4448.txt,positive
17936,17936.jpg,17936.txt,positive
5536,5536.jpg,5536.txt,negative
8872,8872.jpg,8872.txt,negative
8156,8156.jpg,8156.txt,negative
3739,3739.jpg,3739.txt,negative
18295,18295.jpg,18295.txt,negative
18469,18469.jpg,18469.txt,positive
4571,4571.jpg,4571.txt,positive
13729,13729.jpg,13729.txt,negative
14275,14275.jpg,14275.txt,negative
6612,6612.jpg,6612.txt,positive
16712,16712.jpg,16712.txt,negative
17347,17347.jpg,17347.txt,positive
7175,7175.jpg,7175.txt,positive
15371,15371.jpg,15371.txt,negative
3618,3618.jpg,3618.txt,positive
4826,4826.jpg,4826.txt,negative
6090,6090.jpg,6090.txt,positive
3321,3321.jpg,3321.txt,negative
18300,18300.jpg,18300.txt,negative
22180,22180.jpg,22180.txt,negative
18407,18407.jpg,18407.txt,positive
8891,8891.jpg,8891.txt,negative
20480,20480.jpg,20480.txt,positive
13875,13875.jpg,13875.txt,negative
8467,8467.jpg,8467.txt,positive
11423,11423.jpg,11423.txt,positive
3347,3347.jpg,3347.txt,positive
15340,15340.jpg,15340.txt,positive
14737,14737.jpg,14737.txt,negative
21225,21225.jpg,21225.txt,negative
14344,14344.jpg,14344.txt,positive
17187,17187.jpg,17187.txt,positive
14995,14995.jpg,14995.txt,negative
22398,22398.jpg,22398.txt,negative
16256,16256.jpg,16256.txt,positive
19381,19381.jpg,19381.txt,negative
17492,17492.jpg,17492.txt,negative
12661,12661.jpg,12661.txt,negative
21846,21846.jpg,21846.txt,positive
19248,19248.jpg,19248.txt,positive
22311,22311.jpg,22311.txt,negative
12167,12167.jpg,12167.txt,negative
12745,12745.jpg,12745.txt,negative
21990,21990.jpg,21990.txt,positive
17874,17874.jpg,17874.txt,negative
10713,10713.jpg,10713.txt,negative
5667,5667.jpg,5667.txt,positive
7922,7922.jpg,7922.txt,negative
10142,10142.jpg,10142.txt,positive
16007,16007.jpg,16007.txt,positive
10789,10789.jpg,10789.txt,negative
2971,2971.jpg,2971.txt,positive
8067,8067.jpg,8067.txt,negative
2723,2723.jpg,2723.txt,negative
6486,6486.jpg,6486.txt,negative
7103,7103.jpg,7103.txt,positive
2826,2826.jpg,2826.txt,negative
8692,8692.jpg,8692.txt,negative
20082,20082.jpg,20082.txt,positive
5213,5213.jpg,5213.txt,negative
12631,12631.jpg,12631.txt,positive
8753,8753.jpg,8753.txt,negative
22696,22696.jpg,22696.txt,negative
22334,22334.jpg,22334.txt,negative
10511,10511.jpg,10511.txt,negative
10867,10867.jpg,10867.txt,negative
5111,5111.jpg,5111.txt,positive
11969,11969.jpg,11969.txt,positive
11719,11719.jpg,11719.txt,positive
2625,2625.jpg,2625.txt,negative
21724,21724.jpg,21724.txt,negative
9664,9664.jpg,9664.txt,positive
10371,10371.jpg,10371.txt,negative
5764,5764.jpg,5764.txt,positive
5625,5625.jpg,5625.txt,positive
7428,7428.jpg,7428.txt,positive
19821,19821.jpg,19821.txt,positive
13290,13290.jpg,13290.txt,positive
22717,22717.jpg,22717.txt,negative
12690,12690.jpg,12690.txt,negative
9862,9862.jpg,9862.txt,negative
9457,9457.jpg,9457.txt,negative
21529,21529.jpg,21529.txt,negative
17468,17468.jpg,17468.txt,positive
18177,18177.jpg,18177.txt,negative
12409,12409.jpg,12409.txt,negative
9426,9426.jpg,9426.txt,positive
17833,17833.jpg,17833.txt,positive
13621,13621.jpg,13621.txt,negative
6269,6269.jpg,6269.txt,positive
21429,21429.jpg,21429.txt,positive
12441,12441.jpg,12441.txt,positive
17200,17200.jpg,17200.txt,positive
18550,18550.jpg,18550.txt,positive
12008,12008.jpg,12008.txt,positive
3558,3558.jpg,3558.txt,negative
7413,7413.jpg,7413.txt,positive
7709,7709.jpg,7709.txt,positive
3670,3670.jpg,3670.txt,positive
15855,15855.jpg,15855.txt,negative
8271,8271.jpg,8271.txt,positive
17060,17060.jpg,17060.txt,positive
8220,8220.jpg,8220.txt,negative
13178,13178.jpg,13178.txt,negative
13101,13101.jpg,13101.txt,negative
10495,10495.jpg,10495.txt,negative
9694,9694.jpg,9694.txt,positive
10069,10069.jpg,10069.txt,negative
21417,21417.jpg,21417.txt,positive
19922,19922.jpg,19922.txt,positive
5059,5059.jpg,5059.txt,positive
7669,7669.jpg,7669.txt,negative
18693,18693.jpg,18693.txt,positive
18229,18229.jpg,18229.txt,positive
2799,2799.jpg,2799.txt,negative
18917,18917.jpg,18917.txt,negative
22884,22884.jpg,22884.txt,negative
8993,8993.jpg,8993.txt,negative
7611,7611.jpg,7611.txt,negative
9452,9452.jpg,9452.txt,negative
18614,18614.jpg,18614.txt,positive
20381,20381.jpg,20381.txt,positive
19130,19130.jpg,19130.txt,negative
10377,10377.jpg,10377.txt,negative
14300,14300.jpg,14300.txt,positive
12220,12220.jpg,12220.txt,positive
17093,17093.jpg,17093.txt,positive
16059,16059.jpg,16059.txt,positive
3466,3466.jpg,3466.txt,positive
8932,8932.jpg,8932.txt,negative
17485,17485.jpg,17485.txt,positive
3290,3290.jpg,3290.txt,negative
10680,10680.jpg,10680.txt,negative
18553,18553.jpg,18553.txt,positive
7115,7115.jpg,7115.txt,positive
6454,6454.jpg,6454.txt,negative
4758,4758.jpg,4758.txt,positive
7518,7518.jpg,7518.txt,negative
15250,15250.jpg,15250.txt,positive
16717,16717.jpg,16717.txt,negative
11129,11129.jpg,11129.txt,positive
22877,22877.jpg,22877.txt,negative
21011,21011.jpg,21011.txt,positive
9887,9887.jpg,9887.txt,negative
14683,14683.jpg,14683.txt,negative
18967,18967.jpg,18967.txt,positive
9552,9552.jpg,9552.txt,positive
2808,2808.jpg,2808.txt,positive
17589,17589.jpg,17589.txt,positive
15697,15697.jpg,15697.txt,positive
18193,18193.jpg,18193.txt,positive
3519,3519.jpg,3519.txt,positive
15337,15337.jpg,15337.txt,positive
9542,9542.jpg,9542.txt,negative
8644,8644.jpg,8644.txt,negative
13878,13878.jpg,13878.txt,positive
20796,20796.jpg,20796.txt,positive
8940,8940.jpg,8940.txt,negative
20961,20961.jpg,20961.txt,positive
12871,12871.jpg,12871.txt,positive
12903,12903.jpg,12903.txt,positive
14238,14238.jpg,14238.txt,positive
8059,8059.jpg,8059.txt,positive
7537,7537.jpg,7537.txt,positive
9921,9921.jpg,9921.txt,negative
21611,21611.jpg,21611.txt,positive
3068,3068.jpg,3068.txt,negative
4555,4555.jpg,4555.txt,positive
14917,14917.jpg,14917.txt,positive
20104,20104.jpg,20104.txt,positive
10820,10820.jpg,10820.txt,positive
3708,3708.jpg,3708.txt,positive
8110,8110.jpg,8110.txt,negative
6007,6007.jpg,6007.txt,negative
21206,21206.jpg,21206.txt,positive
21647,21647.jpg,21647.txt,positive
3034,3034.jpg,3034.txt,negative
14082,14082.jpg,14082.txt,negative
10385,10385.jpg,10385.txt,positive
9384,9384.jpg,9384.txt,negative
13226,13226.jpg,13226.txt,negative
18030,18030.jpg,18030.txt,positive
4045,4045.jpg,4045.txt,positive
22474,22474.jpg,22474.txt,negative
13356,13356.jpg,13356.txt,negative
10099,10099.jpg,10099.txt,positive
13193,13193.jpg,13193.txt,negative
8316,8316.jpg,8316.txt,positive
19729,19729.jpg,19729.txt,positive
13971,13971.jpg,13971.txt,positive
20022,20022.jpg,20022.txt,positive
18514,18514.jpg,18514.txt,negative
10740,10740.jpg,10740.txt,positive
8423,8423.jpg,8423.txt,negative
6708,6708.jpg,6708.txt,positive
